surf,class,id
archives/101006_tracts/T_CC1.vtp,T_CC1,101006
archives/101006_tracts/T_CC2.vtp,T_CC2,101006
archives/101006_tracts/T_CC3.vtp,T_CC3,101006
archives/101006_tracts/T_CC4.vtp,T_CC4,101006
archives/101006_tracts/T_CC5.vtp,T_CC5,101006
archives/101006_tracts/T_CC6.vtp,T_CC6,101006
archives/101006_tracts/T_CC7.vtp,T_CC7,101006
archives/101006_tracts/T_MCP.vtp,T_MCP,101006
archives/101006_tracts/T_CPC.vtp,T_CPC,101006
archives/101006_tracts/T_AF_left.vtp,T_AF_left,101006
archives/101006_tracts/T_AF_right.vtp,T_AF_right,101006
archives/101006_tracts/T_CB_left.vtp,T_CB_left,101006
archives/101006_tracts/T_CB_right.vtp,T_CB_right,101006
archives/101006_tracts/T_CR-F_left.vtp,T_CR-F_left,101006
archives/101006_tracts/T_CR-F_right.vtp,T_CR-F_right,101006
archives/101006_tracts/T_CR-P_left.vtp,T_CR-P_left,101006
archives/101006_tracts/T_CR-P_right.vtp,T_CR-P_right,101006
archives/101006_tracts/T_CST_left.vtp,T_CST_left,101006
archives/101006_tracts/T_CST_right.vtp,T_CST_right,101006
archives/101006_tracts/T_EC_left.vtp,T_EC_left,101006
archives/101006_tracts/T_EC_right.vtp,T_EC_right,101006
archives/101006_tracts/T_EmC_left.vtp,T_EmC_left,101006
archives/101006_tracts/T_EmC_right.vtp,T_EmC_right,101006
archives/101006_tracts/T_ICP_left.vtp,T_ICP_left,101006
archives/101006_tracts/T_ICP_right.vtp,T_ICP_right,101006
archives/101006_tracts/T_ILF_left.vtp,T_ILF_left,101006
archives/101006_tracts/T_ILF_right.vtp,T_ILF_right,101006
archives/101006_tracts/T_Intra-CBLM-I&P_left.vtp,T_Intra-CBLM-I&P_left,101006
archives/101006_tracts/T_Intra-CBLM-I&P_right.vtp,T_Intra-CBLM-I&P_right,101006
archives/101006_tracts/T_Intra-CBLM-PaT_left.vtp,T_Intra-CBLM-PaT_left,101006
archives/101006_tracts/T_Intra-CBLM-PaT_right.vtp,T_Intra-CBLM-PaT_right,101006
archives/101006_tracts/T_IOFF_left.vtp,T_IOFF_left,101006
archives/101006_tracts/T_IOFF_right.vtp,T_IOFF_right,101006
archives/101006_tracts/T_MdLF_left.vtp,T_MdLF_left,101006
archives/101006_tracts/T_MdLF_right.vtp,T_MdLF_right,101006
archives/101006_tracts/T_PLIC_left.vtp,T_PLIC_left,101006
archives/101006_tracts/T_PLIC_right.vtp,T_PLIC_right,101006
archives/101006_tracts/T_SLF-I_left.vtp,T_SLF-I_left,101006
archives/101006_tracts/T_SLF-I_right.vtp,T_SLF-I_right,101006
archives/101006_tracts/T_SLF-II_left.vtp,T_SLF-II_left,101006
archives/101006_tracts/T_SLF-II_right.vtp,T_SLF-II_right,101006
archives/101006_tracts/T_SLF-III_left.vtp,T_SLF-III_left,101006
archives/101006_tracts/T_SLF-III_right.vtp,T_SLF-III_right,101006
archives/101006_tracts/T_UF_left.vtp,T_UF_left,101006
archives/101006_tracts/T_UF_right.vtp,T_UF_right,101006
archives/101006_tracts/T_SF_left.vtp,T_SF_left,101006
archives/101006_tracts/T_SF_right.vtp,T_SF_right,101006
archives/101006_tracts/T_SO_left.vtp,T_SO_left,101006
archives/101006_tracts/T_SO_right.vtp,T_SO_right,101006
archives/101006_tracts/T_SP_left.vtp,T_SP_left,101006
archives/101006_tracts/T_SP_right.vtp,T_SP_right,101006
archives/101006_tracts/T_TF_left.vtp,T_TF_left,101006
archives/101006_tracts/T_TF_right.vtp,T_TF_right,101006
archives/101006_tracts/T_TO_left.vtp,T_TO_left,101006
archives/101006_tracts/T_TO_right.vtp,T_TO_right,101006
archives/101006_tracts/T_TP_left.vtp,T_TP_left,101006
archives/101006_tracts/T_TP_right.vtp,T_TP_right,101006
archives/101410_tracts/T_CC1.vtp,T_CC1,101410
archives/101410_tracts/T_CC2.vtp,T_CC2,101410
archives/101410_tracts/T_CC3.vtp,T_CC3,101410
archives/101410_tracts/T_CC4.vtp,T_CC4,101410
archives/101410_tracts/T_CC5.vtp,T_CC5,101410
archives/101410_tracts/T_CC6.vtp,T_CC6,101410
archives/101410_tracts/T_CC7.vtp,T_CC7,101410
archives/101410_tracts/T_MCP.vtp,T_MCP,101410
archives/101410_tracts/T_CPC.vtp,T_CPC,101410
archives/101410_tracts/T_AF_left.vtp,T_AF_left,101410
archives/101410_tracts/T_AF_right.vtp,T_AF_right,101410
archives/101410_tracts/T_CB_left.vtp,T_CB_left,101410
archives/101410_tracts/T_CB_right.vtp,T_CB_right,101410
archives/101410_tracts/T_CR-F_left.vtp,T_CR-F_left,101410
archives/101410_tracts/T_CR-F_right.vtp,T_CR-F_right,101410
archives/101410_tracts/T_CR-P_left.vtp,T_CR-P_left,101410
archives/101410_tracts/T_CR-P_right.vtp,T_CR-P_right,101410
archives/101410_tracts/T_CST_left.vtp,T_CST_left,101410
archives/101410_tracts/T_CST_right.vtp,T_CST_right,101410
archives/101410_tracts/T_EC_left.vtp,T_EC_left,101410
archives/101410_tracts/T_EC_right.vtp,T_EC_right,101410
archives/101410_tracts/T_EmC_left.vtp,T_EmC_left,101410
archives/101410_tracts/T_EmC_right.vtp,T_EmC_right,101410
archives/101410_tracts/T_ICP_left.vtp,T_ICP_left,101410
archives/101410_tracts/T_ICP_right.vtp,T_ICP_right,101410
archives/101410_tracts/T_ILF_left.vtp,T_ILF_left,101410
archives/101410_tracts/T_ILF_right.vtp,T_ILF_right,101410
archives/101410_tracts/T_Intra-CBLM-I&P_left.vtp,T_Intra-CBLM-I&P_left,101410
archives/101410_tracts/T_Intra-CBLM-I&P_right.vtp,T_Intra-CBLM-I&P_right,101410
archives/101410_tracts/T_Intra-CBLM-PaT_left.vtp,T_Intra-CBLM-PaT_left,101410
archives/101410_tracts/T_Intra-CBLM-PaT_right.vtp,T_Intra-CBLM-PaT_right,101410
archives/101410_tracts/T_IOFF_left.vtp,T_IOFF_left,101410
archives/101410_tracts/T_IOFF_right.vtp,T_IOFF_right,101410
archives/101410_tracts/T_MdLF_left.vtp,T_MdLF_left,101410
archives/101410_tracts/T_MdLF_right.vtp,T_MdLF_right,101410
archives/101410_tracts/T_PLIC_left.vtp,T_PLIC_left,101410
archives/101410_tracts/T_PLIC_right.vtp,T_PLIC_right,101410
archives/101410_tracts/T_SLF-I_left.vtp,T_SLF-I_left,101410
archives/101410_tracts/T_SLF-I_right.vtp,T_SLF-I_right,101410
archives/101410_tracts/T_SLF-II_left.vtp,T_SLF-II_left,101410
archives/101410_tracts/T_SLF-II_right.vtp,T_SLF-II_right,101410
archives/101410_tracts/T_SLF-III_left.vtp,T_SLF-III_left,101410
archives/101410_tracts/T_SLF-III_right.vtp,T_SLF-III_right,101410
archives/101410_tracts/T_UF_left.vtp,T_UF_left,101410
archives/101410_tracts/T_UF_right.vtp,T_UF_right,101410
archives/101410_tracts/T_SF_left.vtp,T_SF_left,101410
archives/101410_tracts/T_SF_right.vtp,T_SF_right,101410
archives/101410_tracts/T_SO_left.vtp,T_SO_left,101410
archives/101410_tracts/T_SO_right.vtp,T_SO_right,101410
archives/101410_tracts/T_SP_left.vtp,T_SP_left,101410
archives/101410_tracts/T_SP_right.vtp,T_SP_right,101410
archives/101410_tracts/T_TF_left.vtp,T_TF_left,101410
archives/101410_tracts/T_TF_right.vtp,T_TF_right,101410
archives/101410_tracts/T_TO_left.vtp,T_TO_left,101410
archives/101410_tracts/T_TO_right.vtp,T_TO_right,101410
archives/101410_tracts/T_TP_left.vtp,T_TP_left,101410
archives/101410_tracts/T_TP_right.vtp,T_TP_right,101410
archives/102008_tracts/T_CC1.vtp,T_CC1,102008
archives/102008_tracts/T_CC2.vtp,T_CC2,102008
archives/102008_tracts/T_CC3.vtp,T_CC3,102008
archives/102008_tracts/T_CC4.vtp,T_CC4,102008
archives/102008_tracts/T_CC5.vtp,T_CC5,102008
archives/102008_tracts/T_CC6.vtp,T_CC6,102008
archives/102008_tracts/T_CC7.vtp,T_CC7,102008
archives/102008_tracts/T_MCP.vtp,T_MCP,102008
archives/102008_tracts/T_CPC.vtp,T_CPC,102008
archives/102008_tracts/T_AF_left.vtp,T_AF_left,102008
archives/102008_tracts/T_AF_right.vtp,T_AF_right,102008
archives/102008_tracts/T_CB_left.vtp,T_CB_left,102008
archives/102008_tracts/T_CB_right.vtp,T_CB_right,102008
archives/102008_tracts/T_CR-F_left.vtp,T_CR-F_left,102008
archives/102008_tracts/T_CR-F_right.vtp,T_CR-F_right,102008
archives/102008_tracts/T_CR-P_left.vtp,T_CR-P_left,102008
archives/102008_tracts/T_CR-P_right.vtp,T_CR-P_right,102008
archives/102008_tracts/T_CST_left.vtp,T_CST_left,102008
archives/102008_tracts/T_CST_right.vtp,T_CST_right,102008
archives/102008_tracts/T_EC_left.vtp,T_EC_left,102008
archives/102008_tracts/T_EC_right.vtp,T_EC_right,102008
archives/102008_tracts/T_EmC_left.vtp,T_EmC_left,102008
archives/102008_tracts/T_EmC_right.vtp,T_EmC_right,102008
archives/102008_tracts/T_ICP_left.vtp,T_ICP_left,102008
archives/102008_tracts/T_ICP_right.vtp,T_ICP_right,102008
archives/102008_tracts/T_ILF_left.vtp,T_ILF_left,102008
archives/102008_tracts/T_ILF_right.vtp,T_ILF_right,102008
archives/102008_tracts/T_Intra-CBLM-I&P_left.vtp,T_Intra-CBLM-I&P_left,102008
archives/102008_tracts/T_Intra-CBLM-I&P_right.vtp,T_Intra-CBLM-I&P_right,102008
archives/102008_tracts/T_Intra-CBLM-PaT_left.vtp,T_Intra-CBLM-PaT_left,102008
archives/102008_tracts/T_Intra-CBLM-PaT_right.vtp,T_Intra-CBLM-PaT_right,102008
archives/102008_tracts/T_IOFF_left.vtp,T_IOFF_left,102008
archives/102008_tracts/T_IOFF_right.vtp,T_IOFF_right,102008
archives/102008_tracts/T_MdLF_left.vtp,T_MdLF_left,102008
archives/102008_tracts/T_MdLF_right.vtp,T_MdLF_right,102008
archives/102008_tracts/T_PLIC_left.vtp,T_PLIC_left,102008
archives/102008_tracts/T_PLIC_right.vtp,T_PLIC_right,102008
archives/102008_tracts/T_SLF-I_left.vtp,T_SLF-I_left,102008
archives/102008_tracts/T_SLF-I_right.vtp,T_SLF-I_right,102008
archives/102008_tracts/T_SLF-II_left.vtp,T_SLF-II_left,102008
archives/102008_tracts/T_SLF-II_right.vtp,T_SLF-II_right,102008
archives/102008_tracts/T_SLF-III_left.vtp,T_SLF-III_left,102008
archives/102008_tracts/T_SLF-III_right.vtp,T_SLF-III_right,102008
archives/102008_tracts/T_UF_left.vtp,T_UF_left,102008
archives/102008_tracts/T_UF_right.vtp,T_UF_right,102008
archives/102008_tracts/T_SF_left.vtp,T_SF_left,102008
archives/102008_tracts/T_SF_right.vtp,T_SF_right,102008
archives/102008_tracts/T_SO_left.vtp,T_SO_left,102008
archives/102008_tracts/T_SO_right.vtp,T_SO_right,102008
archives/102008_tracts/T_SP_left.vtp,T_SP_left,102008
archives/102008_tracts/T_SP_right.vtp,T_SP_right,102008
archives/102008_tracts/T_TF_left.vtp,T_TF_left,102008
archives/102008_tracts/T_TF_right.vtp,T_TF_right,102008
archives/102008_tracts/T_TO_left.vtp,T_TO_left,102008
archives/102008_tracts/T_TO_right.vtp,T_TO_right,102008
archives/102008_tracts/T_TP_left.vtp,T_TP_left,102008
archives/102008_tracts/T_TP_right.vtp,T_TP_right,102008
archives/102311_tracts/T_CC1.vtp,T_CC1,102311
archives/102311_tracts/T_CC2.vtp,T_CC2,102311
archives/102311_tracts/T_CC3.vtp,T_CC3,102311
archives/102311_tracts/T_CC4.vtp,T_CC4,102311
archives/102311_tracts/T_CC5.vtp,T_CC5,102311
archives/102311_tracts/T_CC6.vtp,T_CC6,102311
archives/102311_tracts/T_CC7.vtp,T_CC7,102311
archives/102311_tracts/T_MCP.vtp,T_MCP,102311
archives/102311_tracts/T_CPC.vtp,T_CPC,102311
archives/102311_tracts/T_AF_left.vtp,T_AF_left,102311
archives/102311_tracts/T_AF_right.vtp,T_AF_right,102311
archives/102311_tracts/T_CB_left.vtp,T_CB_left,102311
archives/102311_tracts/T_CB_right.vtp,T_CB_right,102311
archives/102311_tracts/T_CR-F_left.vtp,T_CR-F_left,102311
archives/102311_tracts/T_CR-F_right.vtp,T_CR-F_right,102311
archives/102311_tracts/T_CR-P_left.vtp,T_CR-P_left,102311
archives/102311_tracts/T_CR-P_right.vtp,T_CR-P_right,102311
archives/102311_tracts/T_CST_left.vtp,T_CST_left,102311
archives/102311_tracts/T_CST_right.vtp,T_CST_right,102311
archives/102311_tracts/T_EC_left.vtp,T_EC_left,102311
archives/102311_tracts/T_EC_right.vtp,T_EC_right,102311
archives/102311_tracts/T_EmC_left.vtp,T_EmC_left,102311
archives/102311_tracts/T_EmC_right.vtp,T_EmC_right,102311
archives/102311_tracts/T_ICP_left.vtp,T_ICP_left,102311
archives/102311_tracts/T_ICP_right.vtp,T_ICP_right,102311
archives/102311_tracts/T_ILF_left.vtp,T_ILF_left,102311
archives/102311_tracts/T_ILF_right.vtp,T_ILF_right,102311
archives/102311_tracts/T_Intra-CBLM-I&P_left.vtp,T_Intra-CBLM-I&P_left,102311
archives/102311_tracts/T_Intra-CBLM-I&P_right.vtp,T_Intra-CBLM-I&P_right,102311
archives/102311_tracts/T_Intra-CBLM-PaT_left.vtp,T_Intra-CBLM-PaT_left,102311
archives/102311_tracts/T_Intra-CBLM-PaT_right.vtp,T_Intra-CBLM-PaT_right,102311
archives/102311_tracts/T_IOFF_left.vtp,T_IOFF_left,102311
archives/102311_tracts/T_IOFF_right.vtp,T_IOFF_right,102311
archives/102311_tracts/T_MdLF_left.vtp,T_MdLF_left,102311
archives/102311_tracts/T_MdLF_right.vtp,T_MdLF_right,102311
archives/102311_tracts/T_PLIC_left.vtp,T_PLIC_left,102311
archives/102311_tracts/T_PLIC_right.vtp,T_PLIC_right,102311
archives/102311_tracts/T_SLF-I_left.vtp,T_SLF-I_left,102311
archives/102311_tracts/T_SLF-I_right.vtp,T_SLF-I_right,102311
archives/102311_tracts/T_SLF-II_left.vtp,T_SLF-II_left,102311
archives/102311_tracts/T_SLF-II_right.vtp,T_SLF-II_right,102311
archives/102311_tracts/T_SLF-III_left.vtp,T_SLF-III_left,102311
archives/102311_tracts/T_SLF-III_right.vtp,T_SLF-III_right,102311
archives/102311_tracts/T_UF_left.vtp,T_UF_left,102311
archives/102311_tracts/T_UF_right.vtp,T_UF_right,102311
archives/102311_tracts/T_SF_left.vtp,T_SF_left,102311
archives/102311_tracts/T_SF_right.vtp,T_SF_right,102311
archives/102311_tracts/T_SO_left.vtp,T_SO_left,102311
archives/102311_tracts/T_SO_right.vtp,T_SO_right,102311
archives/102311_tracts/T_SP_left.vtp,T_SP_left,102311
archives/102311_tracts/T_SP_right.vtp,T_SP_right,102311
archives/102311_tracts/T_TF_left.vtp,T_TF_left,102311
archives/102311_tracts/T_TF_right.vtp,T_TF_right,102311
archives/102311_tracts/T_TO_left.vtp,T_TO_left,102311
archives/102311_tracts/T_TO_right.vtp,T_TO_right,102311
archives/102311_tracts/T_TP_left.vtp,T_TP_left,102311
archives/102311_tracts/T_TP_right.vtp,T_TP_right,102311
archives/102816_tracts/T_CC1.vtp,T_CC1,102816
archives/102816_tracts/T_CC2.vtp,T_CC2,102816
archives/102816_tracts/T_CC3.vtp,T_CC3,102816
archives/102816_tracts/T_CC4.vtp,T_CC4,102816
archives/102816_tracts/T_CC5.vtp,T_CC5,102816
archives/102816_tracts/T_CC6.vtp,T_CC6,102816
archives/102816_tracts/T_CC7.vtp,T_CC7,102816
archives/102816_tracts/T_MCP.vtp,T_MCP,102816
archives/102816_tracts/T_CPC.vtp,T_CPC,102816
archives/102816_tracts/T_AF_left.vtp,T_AF_left,102816
archives/102816_tracts/T_AF_right.vtp,T_AF_right,102816
archives/102816_tracts/T_CB_left.vtp,T_CB_left,102816
archives/102816_tracts/T_CB_right.vtp,T_CB_right,102816
archives/102816_tracts/T_CR-F_left.vtp,T_CR-F_left,102816
archives/102816_tracts/T_CR-F_right.vtp,T_CR-F_right,102816
archives/102816_tracts/T_CR-P_left.vtp,T_CR-P_left,102816
archives/102816_tracts/T_CR-P_right.vtp,T_CR-P_right,102816
archives/102816_tracts/T_CST_left.vtp,T_CST_left,102816
archives/102816_tracts/T_CST_right.vtp,T_CST_right,102816
archives/102816_tracts/T_EC_left.vtp,T_EC_left,102816
archives/102816_tracts/T_EC_right.vtp,T_EC_right,102816
archives/102816_tracts/T_EmC_left.vtp,T_EmC_left,102816
archives/102816_tracts/T_EmC_right.vtp,T_EmC_right,102816
archives/102816_tracts/T_ICP_left.vtp,T_ICP_left,102816
archives/102816_tracts/T_ICP_right.vtp,T_ICP_right,102816
archives/102816_tracts/T_ILF_left.vtp,T_ILF_left,102816
archives/102816_tracts/T_ILF_right.vtp,T_ILF_right,102816
archives/102816_tracts/T_Intra-CBLM-I&P_left.vtp,T_Intra-CBLM-I&P_left,102816
archives/102816_tracts/T_Intra-CBLM-I&P_right.vtp,T_Intra-CBLM-I&P_right,102816
archives/102816_tracts/T_Intra-CBLM-PaT_left.vtp,T_Intra-CBLM-PaT_left,102816
archives/102816_tracts/T_Intra-CBLM-PaT_right.vtp,T_Intra-CBLM-PaT_right,102816
archives/102816_tracts/T_IOFF_left.vtp,T_IOFF_left,102816
archives/102816_tracts/T_IOFF_right.vtp,T_IOFF_right,102816
archives/102816_tracts/T_MdLF_left.vtp,T_MdLF_left,102816
archives/102816_tracts/T_MdLF_right.vtp,T_MdLF_right,102816
archives/102816_tracts/T_PLIC_left.vtp,T_PLIC_left,102816
archives/102816_tracts/T_PLIC_right.vtp,T_PLIC_right,102816
archives/102816_tracts/T_SLF-I_left.vtp,T_SLF-I_left,102816
archives/102816_tracts/T_SLF-I_right.vtp,T_SLF-I_right,102816
archives/102816_tracts/T_SLF-II_left.vtp,T_SLF-II_left,102816
archives/102816_tracts/T_SLF-II_right.vtp,T_SLF-II_right,102816
archives/102816_tracts/T_SLF-III_left.vtp,T_SLF-III_left,102816
archives/102816_tracts/T_SLF-III_right.vtp,T_SLF-III_right,102816
archives/102816_tracts/T_UF_left.vtp,T_UF_left,102816
archives/102816_tracts/T_UF_right.vtp,T_UF_right,102816
archives/102816_tracts/T_SF_left.vtp,T_SF_left,102816
archives/102816_tracts/T_SF_right.vtp,T_SF_right,102816
archives/102816_tracts/T_SO_left.vtp,T_SO_left,102816
archives/102816_tracts/T_SO_right.vtp,T_SO_right,102816
archives/102816_tracts/T_SP_left.vtp,T_SP_left,102816
archives/102816_tracts/T_SP_right.vtp,T_SP_right,102816
archives/102816_tracts/T_TF_left.vtp,T_TF_left,102816
archives/102816_tracts/T_TF_right.vtp,T_TF_right,102816
archives/102816_tracts/T_TO_left.vtp,T_TO_left,102816
archives/102816_tracts/T_TO_right.vtp,T_TO_right,102816
archives/102816_tracts/T_TP_left.vtp,T_TP_left,102816
archives/102816_tracts/T_TP_right.vtp,T_TP_right,102816
archives/103515_tracts/T_CC1.vtp,T_CC1,103515
archives/103515_tracts/T_CC2.vtp,T_CC2,103515
archives/103515_tracts/T_CC3.vtp,T_CC3,103515
archives/103515_tracts/T_CC4.vtp,T_CC4,103515
archives/103515_tracts/T_CC5.vtp,T_CC5,103515
archives/103515_tracts/T_CC6.vtp,T_CC6,103515
archives/103515_tracts/T_CC7.vtp,T_CC7,103515
archives/103515_tracts/T_MCP.vtp,T_MCP,103515
archives/103515_tracts/T_CPC.vtp,T_CPC,103515
archives/103515_tracts/T_AF_left.vtp,T_AF_left,103515
archives/103515_tracts/T_AF_right.vtp,T_AF_right,103515
archives/103515_tracts/T_CB_left.vtp,T_CB_left,103515
archives/103515_tracts/T_CB_right.vtp,T_CB_right,103515
archives/103515_tracts/T_CR-F_left.vtp,T_CR-F_left,103515
archives/103515_tracts/T_CR-F_right.vtp,T_CR-F_right,103515
archives/103515_tracts/T_CR-P_left.vtp,T_CR-P_left,103515
archives/103515_tracts/T_CR-P_right.vtp,T_CR-P_right,103515
archives/103515_tracts/T_CST_left.vtp,T_CST_left,103515
archives/103515_tracts/T_CST_right.vtp,T_CST_right,103515
archives/103515_tracts/T_EC_left.vtp,T_EC_left,103515
archives/103515_tracts/T_EC_right.vtp,T_EC_right,103515
archives/103515_tracts/T_EmC_left.vtp,T_EmC_left,103515
archives/103515_tracts/T_EmC_right.vtp,T_EmC_right,103515
archives/103515_tracts/T_ICP_left.vtp,T_ICP_left,103515
archives/103515_tracts/T_ICP_right.vtp,T_ICP_right,103515
archives/103515_tracts/T_ILF_left.vtp,T_ILF_left,103515
archives/103515_tracts/T_ILF_right.vtp,T_ILF_right,103515
archives/103515_tracts/T_Intra-CBLM-I&P_left.vtp,T_Intra-CBLM-I&P_left,103515
archives/103515_tracts/T_Intra-CBLM-I&P_right.vtp,T_Intra-CBLM-I&P_right,103515
archives/103515_tracts/T_Intra-CBLM-PaT_left.vtp,T_Intra-CBLM-PaT_left,103515
archives/103515_tracts/T_Intra-CBLM-PaT_right.vtp,T_Intra-CBLM-PaT_right,103515
archives/103515_tracts/T_IOFF_left.vtp,T_IOFF_left,103515
archives/103515_tracts/T_IOFF_right.vtp,T_IOFF_right,103515
archives/103515_tracts/T_MdLF_left.vtp,T_MdLF_left,103515
archives/103515_tracts/T_MdLF_right.vtp,T_MdLF_right,103515
archives/103515_tracts/T_PLIC_left.vtp,T_PLIC_left,103515
archives/103515_tracts/T_PLIC_right.vtp,T_PLIC_right,103515
archives/103515_tracts/T_SLF-I_left.vtp,T_SLF-I_left,103515
archives/103515_tracts/T_SLF-I_right.vtp,T_SLF-I_right,103515
archives/103515_tracts/T_SLF-II_left.vtp,T_SLF-II_left,103515
archives/103515_tracts/T_SLF-II_right.vtp,T_SLF-II_right,103515
archives/103515_tracts/T_SLF-III_left.vtp,T_SLF-III_left,103515
archives/103515_tracts/T_SLF-III_right.vtp,T_SLF-III_right,103515
archives/103515_tracts/T_UF_left.vtp,T_UF_left,103515
archives/103515_tracts/T_UF_right.vtp,T_UF_right,103515
archives/103515_tracts/T_SF_left.vtp,T_SF_left,103515
archives/103515_tracts/T_SF_right.vtp,T_SF_right,103515
archives/103515_tracts/T_SO_left.vtp,T_SO_left,103515
archives/103515_tracts/T_SO_right.vtp,T_SO_right,103515
archives/103515_tracts/T_SP_left.vtp,T_SP_left,103515
archives/103515_tracts/T_SP_right.vtp,T_SP_right,103515
archives/103515_tracts/T_TF_left.vtp,T_TF_left,103515
archives/103515_tracts/T_TF_right.vtp,T_TF_right,103515
archives/103515_tracts/T_TO_left.vtp,T_TO_left,103515
archives/103515_tracts/T_TO_right.vtp,T_TO_right,103515
archives/103515_tracts/T_TP_left.vtp,T_TP_left,103515
archives/103515_tracts/T_TP_right.vtp,T_TP_right,103515
archives/105216_tracts/T_CC1.vtp,T_CC1,105216
archives/105216_tracts/T_CC2.vtp,T_CC2,105216
archives/105216_tracts/T_CC3.vtp,T_CC3,105216
archives/105216_tracts/T_CC4.vtp,T_CC4,105216
archives/105216_tracts/T_CC5.vtp,T_CC5,105216
archives/105216_tracts/T_CC6.vtp,T_CC6,105216
archives/105216_tracts/T_CC7.vtp,T_CC7,105216
archives/105216_tracts/T_MCP.vtp,T_MCP,105216
archives/105216_tracts/T_CPC.vtp,T_CPC,105216
archives/105216_tracts/T_AF_left.vtp,T_AF_left,105216
archives/105216_tracts/T_AF_right.vtp,T_AF_right,105216
archives/105216_tracts/T_CB_left.vtp,T_CB_left,105216
archives/105216_tracts/T_CB_right.vtp,T_CB_right,105216
archives/105216_tracts/T_CR-F_left.vtp,T_CR-F_left,105216
archives/105216_tracts/T_CR-F_right.vtp,T_CR-F_right,105216
archives/105216_tracts/T_CR-P_left.vtp,T_CR-P_left,105216
archives/105216_tracts/T_CR-P_right.vtp,T_CR-P_right,105216
archives/105216_tracts/T_CST_left.vtp,T_CST_left,105216
archives/105216_tracts/T_CST_right.vtp,T_CST_right,105216
archives/105216_tracts/T_EC_left.vtp,T_EC_left,105216
archives/105216_tracts/T_EC_right.vtp,T_EC_right,105216
archives/105216_tracts/T_EmC_left.vtp,T_EmC_left,105216
archives/105216_tracts/T_EmC_right.vtp,T_EmC_right,105216
archives/105216_tracts/T_ICP_left.vtp,T_ICP_left,105216
archives/105216_tracts/T_ICP_right.vtp,T_ICP_right,105216
archives/105216_tracts/T_ILF_left.vtp,T_ILF_left,105216
archives/105216_tracts/T_ILF_right.vtp,T_ILF_right,105216
archives/105216_tracts/T_Intra-CBLM-I&P_left.vtp,T_Intra-CBLM-I&P_left,105216
archives/105216_tracts/T_Intra-CBLM-I&P_right.vtp,T_Intra-CBLM-I&P_right,105216
archives/105216_tracts/T_Intra-CBLM-PaT_left.vtp,T_Intra-CBLM-PaT_left,105216
archives/105216_tracts/T_Intra-CBLM-PaT_right.vtp,T_Intra-CBLM-PaT_right,105216
archives/105216_tracts/T_IOFF_left.vtp,T_IOFF_left,105216
archives/105216_tracts/T_IOFF_right.vtp,T_IOFF_right,105216
archives/105216_tracts/T_MdLF_left.vtp,T_MdLF_left,105216
archives/105216_tracts/T_MdLF_right.vtp,T_MdLF_right,105216
archives/105216_tracts/T_PLIC_left.vtp,T_PLIC_left,105216
archives/105216_tracts/T_PLIC_right.vtp,T_PLIC_right,105216
archives/105216_tracts/T_SLF-I_left.vtp,T_SLF-I_left,105216
archives/105216_tracts/T_SLF-I_right.vtp,T_SLF-I_right,105216
archives/105216_tracts/T_SLF-II_left.vtp,T_SLF-II_left,105216
archives/105216_tracts/T_SLF-II_right.vtp,T_SLF-II_right,105216
archives/105216_tracts/T_SLF-III_left.vtp,T_SLF-III_left,105216
archives/105216_tracts/T_SLF-III_right.vtp,T_SLF-III_right,105216
archives/105216_tracts/T_UF_left.vtp,T_UF_left,105216
archives/105216_tracts/T_UF_right.vtp,T_UF_right,105216
archives/105216_tracts/T_SF_left.vtp,T_SF_left,105216
archives/105216_tracts/T_SF_right.vtp,T_SF_right,105216
archives/105216_tracts/T_SO_left.vtp,T_SO_left,105216
archives/105216_tracts/T_SO_right.vtp,T_SO_right,105216
archives/105216_tracts/T_SP_left.vtp,T_SP_left,105216
archives/105216_tracts/T_SP_right.vtp,T_SP_right,105216
archives/105216_tracts/T_TF_left.vtp,T_TF_left,105216
archives/105216_tracts/T_TF_right.vtp,T_TF_right,105216
archives/105216_tracts/T_TO_left.vtp,T_TO_left,105216
archives/105216_tracts/T_TO_right.vtp,T_TO_right,105216
archives/105216_tracts/T_TP_left.vtp,T_TP_left,105216
archives/105216_tracts/T_TP_right.vtp,T_TP_right,105216
archives/106319_tracts/T_CC1.vtp,T_CC1,106319
archives/106319_tracts/T_CC2.vtp,T_CC2,106319
archives/106319_tracts/T_CC3.vtp,T_CC3,106319
archives/106319_tracts/T_CC4.vtp,T_CC4,106319
archives/106319_tracts/T_CC5.vtp,T_CC5,106319
archives/106319_tracts/T_CC6.vtp,T_CC6,106319
archives/106319_tracts/T_CC7.vtp,T_CC7,106319
archives/106319_tracts/T_MCP.vtp,T_MCP,106319
archives/106319_tracts/T_CPC.vtp,T_CPC,106319
archives/106319_tracts/T_AF_left.vtp,T_AF_left,106319
archives/106319_tracts/T_AF_right.vtp,T_AF_right,106319
archives/106319_tracts/T_CB_left.vtp,T_CB_left,106319
archives/106319_tracts/T_CB_right.vtp,T_CB_right,106319
archives/106319_tracts/T_CR-F_left.vtp,T_CR-F_left,106319
archives/106319_tracts/T_CR-F_right.vtp,T_CR-F_right,106319
archives/106319_tracts/T_CR-P_left.vtp,T_CR-P_left,106319
archives/106319_tracts/T_CR-P_right.vtp,T_CR-P_right,106319
archives/106319_tracts/T_CST_left.vtp,T_CST_left,106319
archives/106319_tracts/T_CST_right.vtp,T_CST_right,106319
archives/106319_tracts/T_EC_left.vtp,T_EC_left,106319
archives/106319_tracts/T_EC_right.vtp,T_EC_right,106319
archives/106319_tracts/T_EmC_left.vtp,T_EmC_left,106319
archives/106319_tracts/T_EmC_right.vtp,T_EmC_right,106319
archives/106319_tracts/T_ICP_left.vtp,T_ICP_left,106319
archives/106319_tracts/T_ICP_right.vtp,T_ICP_right,106319
archives/106319_tracts/T_ILF_left.vtp,T_ILF_left,106319
archives/106319_tracts/T_ILF_right.vtp,T_ILF_right,106319
archives/106319_tracts/T_Intra-CBLM-I&P_left.vtp,T_Intra-CBLM-I&P_left,106319
archives/106319_tracts/T_Intra-CBLM-I&P_right.vtp,T_Intra-CBLM-I&P_right,106319
archives/106319_tracts/T_Intra-CBLM-PaT_left.vtp,T_Intra-CBLM-PaT_left,106319
archives/106319_tracts/T_Intra-CBLM-PaT_right.vtp,T_Intra-CBLM-PaT_right,106319
archives/106319_tracts/T_IOFF_left.vtp,T_IOFF_left,106319
archives/106319_tracts/T_IOFF_right.vtp,T_IOFF_right,106319
archives/106319_tracts/T_MdLF_left.vtp,T_MdLF_left,106319
archives/106319_tracts/T_MdLF_right.vtp,T_MdLF_right,106319
archives/106319_tracts/T_PLIC_left.vtp,T_PLIC_left,106319
archives/106319_tracts/T_PLIC_right.vtp,T_PLIC_right,106319
archives/106319_tracts/T_SLF-I_left.vtp,T_SLF-I_left,106319
archives/106319_tracts/T_SLF-I_right.vtp,T_SLF-I_right,106319
archives/106319_tracts/T_SLF-II_left.vtp,T_SLF-II_left,106319
archives/106319_tracts/T_SLF-II_right.vtp,T_SLF-II_right,106319
archives/106319_tracts/T_SLF-III_left.vtp,T_SLF-III_left,106319
archives/106319_tracts/T_SLF-III_right.vtp,T_SLF-III_right,106319
archives/106319_tracts/T_UF_left.vtp,T_UF_left,106319
archives/106319_tracts/T_UF_right.vtp,T_UF_right,106319
archives/106319_tracts/T_SF_left.vtp,T_SF_left,106319
archives/106319_tracts/T_SF_right.vtp,T_SF_right,106319
archives/106319_tracts/T_SO_left.vtp,T_SO_left,106319
archives/106319_tracts/T_SO_right.vtp,T_SO_right,106319
archives/106319_tracts/T_SP_left.vtp,T_SP_left,106319
archives/106319_tracts/T_SP_right.vtp,T_SP_right,106319
archives/106319_tracts/T_TF_left.vtp,T_TF_left,106319
archives/106319_tracts/T_TF_right.vtp,T_TF_right,106319
archives/106319_tracts/T_TO_left.vtp,T_TO_left,106319
archives/106319_tracts/T_TO_right.vtp,T_TO_right,106319
archives/106319_tracts/T_TP_left.vtp,T_TP_left,106319
archives/106319_tracts/T_TP_right.vtp,T_TP_right,106319
archives/106521_tracts/T_CC1.vtp,T_CC1,106521
archives/106521_tracts/T_CC2.vtp,T_CC2,106521
archives/106521_tracts/T_CC3.vtp,T_CC3,106521
archives/106521_tracts/T_CC4.vtp,T_CC4,106521
archives/106521_tracts/T_CC5.vtp,T_CC5,106521
archives/106521_tracts/T_CC6.vtp,T_CC6,106521
archives/106521_tracts/T_CC7.vtp,T_CC7,106521
archives/106521_tracts/T_MCP.vtp,T_MCP,106521
archives/106521_tracts/T_CPC.vtp,T_CPC,106521
archives/106521_tracts/T_AF_left.vtp,T_AF_left,106521
archives/106521_tracts/T_AF_right.vtp,T_AF_right,106521
archives/106521_tracts/T_CB_left.vtp,T_CB_left,106521
archives/106521_tracts/T_CB_right.vtp,T_CB_right,106521
archives/106521_tracts/T_CR-F_left.vtp,T_CR-F_left,106521
archives/106521_tracts/T_CR-F_right.vtp,T_CR-F_right,106521
archives/106521_tracts/T_CR-P_left.vtp,T_CR-P_left,106521
archives/106521_tracts/T_CR-P_right.vtp,T_CR-P_right,106521
archives/106521_tracts/T_CST_left.vtp,T_CST_left,106521
archives/106521_tracts/T_CST_right.vtp,T_CST_right,106521
archives/106521_tracts/T_EC_left.vtp,T_EC_left,106521
archives/106521_tracts/T_EC_right.vtp,T_EC_right,106521
archives/106521_tracts/T_EmC_left.vtp,T_EmC_left,106521
archives/106521_tracts/T_EmC_right.vtp,T_EmC_right,106521
archives/106521_tracts/T_ICP_left.vtp,T_ICP_left,106521
archives/106521_tracts/T_ICP_right.vtp,T_ICP_right,106521
archives/106521_tracts/T_ILF_left.vtp,T_ILF_left,106521
archives/106521_tracts/T_ILF_right.vtp,T_ILF_right,106521
archives/106521_tracts/T_Intra-CBLM-I&P_left.vtp,T_Intra-CBLM-I&P_left,106521
archives/106521_tracts/T_Intra-CBLM-I&P_right.vtp,T_Intra-CBLM-I&P_right,106521
archives/106521_tracts/T_Intra-CBLM-PaT_left.vtp,T_Intra-CBLM-PaT_left,106521
archives/106521_tracts/T_Intra-CBLM-PaT_right.vtp,T_Intra-CBLM-PaT_right,106521
archives/106521_tracts/T_IOFF_left.vtp,T_IOFF_left,106521
archives/106521_tracts/T_IOFF_right.vtp,T_IOFF_right,106521
archives/106521_tracts/T_MdLF_left.vtp,T_MdLF_left,106521
archives/106521_tracts/T_MdLF_right.vtp,T_MdLF_right,106521
archives/106521_tracts/T_PLIC_left.vtp,T_PLIC_left,106521
archives/106521_tracts/T_PLIC_right.vtp,T_PLIC_right,106521
archives/106521_tracts/T_SLF-I_left.vtp,T_SLF-I_left,106521
archives/106521_tracts/T_SLF-I_right.vtp,T_SLF-I_right,106521
archives/106521_tracts/T_SLF-II_left.vtp,T_SLF-II_left,106521
archives/106521_tracts/T_SLF-II_right.vtp,T_SLF-II_right,106521
archives/106521_tracts/T_SLF-III_left.vtp,T_SLF-III_left,106521
archives/106521_tracts/T_SLF-III_right.vtp,T_SLF-III_right,106521
archives/106521_tracts/T_UF_left.vtp,T_UF_left,106521
archives/106521_tracts/T_UF_right.vtp,T_UF_right,106521
archives/106521_tracts/T_SF_left.vtp,T_SF_left,106521
archives/106521_tracts/T_SF_right.vtp,T_SF_right,106521
archives/106521_tracts/T_SO_left.vtp,T_SO_left,106521
archives/106521_tracts/T_SO_right.vtp,T_SO_right,106521
archives/106521_tracts/T_SP_left.vtp,T_SP_left,106521
archives/106521_tracts/T_SP_right.vtp,T_SP_right,106521
archives/106521_tracts/T_TF_left.vtp,T_TF_left,106521
archives/106521_tracts/T_TF_right.vtp,T_TF_right,106521
archives/106521_tracts/T_TO_left.vtp,T_TO_left,106521
archives/106521_tracts/T_TO_right.vtp,T_TO_right,106521
archives/106521_tracts/T_TP_left.vtp,T_TP_left,106521
archives/106521_tracts/T_TP_right.vtp,T_TP_right,106521
archives/107321_tracts/T_CC1.vtp,T_CC1,107321
archives/107321_tracts/T_CC2.vtp,T_CC2,107321
archives/107321_tracts/T_CC3.vtp,T_CC3,107321
archives/107321_tracts/T_CC4.vtp,T_CC4,107321
archives/107321_tracts/T_CC5.vtp,T_CC5,107321
archives/107321_tracts/T_CC6.vtp,T_CC6,107321
archives/107321_tracts/T_CC7.vtp,T_CC7,107321
archives/107321_tracts/T_MCP.vtp,T_MCP,107321
archives/107321_tracts/T_CPC.vtp,T_CPC,107321
archives/107321_tracts/T_AF_left.vtp,T_AF_left,107321
archives/107321_tracts/T_AF_right.vtp,T_AF_right,107321
archives/107321_tracts/T_CB_left.vtp,T_CB_left,107321
archives/107321_tracts/T_CB_right.vtp,T_CB_right,107321
archives/107321_tracts/T_CR-F_left.vtp,T_CR-F_left,107321
archives/107321_tracts/T_CR-F_right.vtp,T_CR-F_right,107321
archives/107321_tracts/T_CR-P_left.vtp,T_CR-P_left,107321
archives/107321_tracts/T_CR-P_right.vtp,T_CR-P_right,107321
archives/107321_tracts/T_CST_left.vtp,T_CST_left,107321
archives/107321_tracts/T_CST_right.vtp,T_CST_right,107321
archives/107321_tracts/T_EC_left.vtp,T_EC_left,107321
archives/107321_tracts/T_EC_right.vtp,T_EC_right,107321
archives/107321_tracts/T_EmC_left.vtp,T_EmC_left,107321
archives/107321_tracts/T_EmC_right.vtp,T_EmC_right,107321
archives/107321_tracts/T_ICP_left.vtp,T_ICP_left,107321
archives/107321_tracts/T_ICP_right.vtp,T_ICP_right,107321
archives/107321_tracts/T_ILF_left.vtp,T_ILF_left,107321
archives/107321_tracts/T_ILF_right.vtp,T_ILF_right,107321
archives/107321_tracts/T_Intra-CBLM-I&P_left.vtp,T_Intra-CBLM-I&P_left,107321
archives/107321_tracts/T_Intra-CBLM-I&P_right.vtp,T_Intra-CBLM-I&P_right,107321
archives/107321_tracts/T_Intra-CBLM-PaT_left.vtp,T_Intra-CBLM-PaT_left,107321
archives/107321_tracts/T_Intra-CBLM-PaT_right.vtp,T_Intra-CBLM-PaT_right,107321
archives/107321_tracts/T_IOFF_left.vtp,T_IOFF_left,107321
archives/107321_tracts/T_IOFF_right.vtp,T_IOFF_right,107321
archives/107321_tracts/T_MdLF_left.vtp,T_MdLF_left,107321
archives/107321_tracts/T_MdLF_right.vtp,T_MdLF_right,107321
archives/107321_tracts/T_PLIC_left.vtp,T_PLIC_left,107321
archives/107321_tracts/T_PLIC_right.vtp,T_PLIC_right,107321
archives/107321_tracts/T_SLF-I_left.vtp,T_SLF-I_left,107321
archives/107321_tracts/T_SLF-I_right.vtp,T_SLF-I_right,107321
archives/107321_tracts/T_SLF-II_left.vtp,T_SLF-II_left,107321
archives/107321_tracts/T_SLF-II_right.vtp,T_SLF-II_right,107321
archives/107321_tracts/T_SLF-III_left.vtp,T_SLF-III_left,107321
archives/107321_tracts/T_SLF-III_right.vtp,T_SLF-III_right,107321
archives/107321_tracts/T_UF_left.vtp,T_UF_left,107321
archives/107321_tracts/T_UF_right.vtp,T_UF_right,107321
archives/107321_tracts/T_SF_left.vtp,T_SF_left,107321
archives/107321_tracts/T_SF_right.vtp,T_SF_right,107321
archives/107321_tracts/T_SO_left.vtp,T_SO_left,107321
archives/107321_tracts/T_SO_right.vtp,T_SO_right,107321
archives/107321_tracts/T_SP_left.vtp,T_SP_left,107321
archives/107321_tracts/T_SP_right.vtp,T_SP_right,107321
archives/107321_tracts/T_TF_left.vtp,T_TF_left,107321
archives/107321_tracts/T_TF_right.vtp,T_TF_right,107321
archives/107321_tracts/T_TO_left.vtp,T_TO_left,107321
archives/107321_tracts/T_TO_right.vtp,T_TO_right,107321
archives/107321_tracts/T_TP_left.vtp,T_TP_left,107321
archives/107321_tracts/T_TP_right.vtp,T_TP_right,107321
archives/107422_tracts/T_CC1.vtp,T_CC1,107422
archives/107422_tracts/T_CC2.vtp,T_CC2,107422
archives/107422_tracts/T_CC3.vtp,T_CC3,107422
archives/107422_tracts/T_CC4.vtp,T_CC4,107422
archives/107422_tracts/T_CC5.vtp,T_CC5,107422
archives/107422_tracts/T_CC6.vtp,T_CC6,107422
archives/107422_tracts/T_CC7.vtp,T_CC7,107422
archives/107422_tracts/T_MCP.vtp,T_MCP,107422
archives/107422_tracts/T_CPC.vtp,T_CPC,107422
archives/107422_tracts/T_AF_left.vtp,T_AF_left,107422
archives/107422_tracts/T_AF_right.vtp,T_AF_right,107422
archives/107422_tracts/T_CB_left.vtp,T_CB_left,107422
archives/107422_tracts/T_CB_right.vtp,T_CB_right,107422
archives/107422_tracts/T_CR-F_left.vtp,T_CR-F_left,107422
archives/107422_tracts/T_CR-F_right.vtp,T_CR-F_right,107422
archives/107422_tracts/T_CR-P_left.vtp,T_CR-P_left,107422
archives/107422_tracts/T_CR-P_right.vtp,T_CR-P_right,107422
archives/107422_tracts/T_CST_left.vtp,T_CST_left,107422
archives/107422_tracts/T_CST_right.vtp,T_CST_right,107422
archives/107422_tracts/T_EC_left.vtp,T_EC_left,107422
archives/107422_tracts/T_EC_right.vtp,T_EC_right,107422
archives/107422_tracts/T_EmC_left.vtp,T_EmC_left,107422
archives/107422_tracts/T_EmC_right.vtp,T_EmC_right,107422
archives/107422_tracts/T_ICP_left.vtp,T_ICP_left,107422
archives/107422_tracts/T_ICP_right.vtp,T_ICP_right,107422
archives/107422_tracts/T_ILF_left.vtp,T_ILF_left,107422
archives/107422_tracts/T_ILF_right.vtp,T_ILF_right,107422
archives/107422_tracts/T_Intra-CBLM-I&P_left.vtp,T_Intra-CBLM-I&P_left,107422
archives/107422_tracts/T_Intra-CBLM-I&P_right.vtp,T_Intra-CBLM-I&P_right,107422
archives/107422_tracts/T_Intra-CBLM-PaT_left.vtp,T_Intra-CBLM-PaT_left,107422
archives/107422_tracts/T_Intra-CBLM-PaT_right.vtp,T_Intra-CBLM-PaT_right,107422
archives/107422_tracts/T_IOFF_left.vtp,T_IOFF_left,107422
archives/107422_tracts/T_IOFF_right.vtp,T_IOFF_right,107422
archives/107422_tracts/T_MdLF_left.vtp,T_MdLF_left,107422
archives/107422_tracts/T_MdLF_right.vtp,T_MdLF_right,107422
archives/107422_tracts/T_PLIC_left.vtp,T_PLIC_left,107422
archives/107422_tracts/T_PLIC_right.vtp,T_PLIC_right,107422
archives/107422_tracts/T_SLF-I_left.vtp,T_SLF-I_left,107422
archives/107422_tracts/T_SLF-I_right.vtp,T_SLF-I_right,107422
archives/107422_tracts/T_SLF-II_left.vtp,T_SLF-II_left,107422
archives/107422_tracts/T_SLF-II_right.vtp,T_SLF-II_right,107422
archives/107422_tracts/T_SLF-III_left.vtp,T_SLF-III_left,107422
archives/107422_tracts/T_SLF-III_right.vtp,T_SLF-III_right,107422
archives/107422_tracts/T_UF_left.vtp,T_UF_left,107422
archives/107422_tracts/T_UF_right.vtp,T_UF_right,107422
archives/107422_tracts/T_SF_left.vtp,T_SF_left,107422
archives/107422_tracts/T_SF_right.vtp,T_SF_right,107422
archives/107422_tracts/T_SO_left.vtp,T_SO_left,107422
archives/107422_tracts/T_SO_right.vtp,T_SO_right,107422
archives/107422_tracts/T_SP_left.vtp,T_SP_left,107422
archives/107422_tracts/T_SP_right.vtp,T_SP_right,107422
archives/107422_tracts/T_TF_left.vtp,T_TF_left,107422
archives/107422_tracts/T_TF_right.vtp,T_TF_right,107422
archives/107422_tracts/T_TO_left.vtp,T_TO_left,107422
archives/107422_tracts/T_TO_right.vtp,T_TO_right,107422
archives/107422_tracts/T_TP_left.vtp,T_TP_left,107422
archives/107422_tracts/T_TP_right.vtp,T_TP_right,107422
archives/108121_tracts/T_CC1.vtp,T_CC1,108121
archives/108121_tracts/T_CC2.vtp,T_CC2,108121
archives/108121_tracts/T_CC3.vtp,T_CC3,108121
archives/108121_tracts/T_CC4.vtp,T_CC4,108121
archives/108121_tracts/T_CC5.vtp,T_CC5,108121
archives/108121_tracts/T_CC6.vtp,T_CC6,108121
archives/108121_tracts/T_CC7.vtp,T_CC7,108121
archives/108121_tracts/T_MCP.vtp,T_MCP,108121
archives/108121_tracts/T_CPC.vtp,T_CPC,108121
archives/108121_tracts/T_AF_left.vtp,T_AF_left,108121
archives/108121_tracts/T_AF_right.vtp,T_AF_right,108121
archives/108121_tracts/T_CB_left.vtp,T_CB_left,108121
archives/108121_tracts/T_CB_right.vtp,T_CB_right,108121
archives/108121_tracts/T_CR-F_left.vtp,T_CR-F_left,108121
archives/108121_tracts/T_CR-F_right.vtp,T_CR-F_right,108121
archives/108121_tracts/T_CR-P_left.vtp,T_CR-P_left,108121
archives/108121_tracts/T_CR-P_right.vtp,T_CR-P_right,108121
archives/108121_tracts/T_CST_left.vtp,T_CST_left,108121
archives/108121_tracts/T_CST_right.vtp,T_CST_right,108121
archives/108121_tracts/T_EC_left.vtp,T_EC_left,108121
archives/108121_tracts/T_EC_right.vtp,T_EC_right,108121
archives/108121_tracts/T_EmC_left.vtp,T_EmC_left,108121
archives/108121_tracts/T_EmC_right.vtp,T_EmC_right,108121
archives/108121_tracts/T_ICP_left.vtp,T_ICP_left,108121
archives/108121_tracts/T_ICP_right.vtp,T_ICP_right,108121
archives/108121_tracts/T_ILF_left.vtp,T_ILF_left,108121
archives/108121_tracts/T_ILF_right.vtp,T_ILF_right,108121
archives/108121_tracts/T_Intra-CBLM-I&P_left.vtp,T_Intra-CBLM-I&P_left,108121
archives/108121_tracts/T_Intra-CBLM-I&P_right.vtp,T_Intra-CBLM-I&P_right,108121
archives/108121_tracts/T_Intra-CBLM-PaT_left.vtp,T_Intra-CBLM-PaT_left,108121
archives/108121_tracts/T_Intra-CBLM-PaT_right.vtp,T_Intra-CBLM-PaT_right,108121
archives/108121_tracts/T_IOFF_left.vtp,T_IOFF_left,108121
archives/108121_tracts/T_IOFF_right.vtp,T_IOFF_right,108121
archives/108121_tracts/T_MdLF_left.vtp,T_MdLF_left,108121
archives/108121_tracts/T_MdLF_right.vtp,T_MdLF_right,108121
archives/108121_tracts/T_PLIC_left.vtp,T_PLIC_left,108121
archives/108121_tracts/T_PLIC_right.vtp,T_PLIC_right,108121
archives/108121_tracts/T_SLF-I_left.vtp,T_SLF-I_left,108121
archives/108121_tracts/T_SLF-I_right.vtp,T_SLF-I_right,108121
archives/108121_tracts/T_SLF-II_left.vtp,T_SLF-II_left,108121
archives/108121_tracts/T_SLF-II_right.vtp,T_SLF-II_right,108121
archives/108121_tracts/T_SLF-III_left.vtp,T_SLF-III_left,108121
archives/108121_tracts/T_SLF-III_right.vtp,T_SLF-III_right,108121
archives/108121_tracts/T_UF_left.vtp,T_UF_left,108121
archives/108121_tracts/T_UF_right.vtp,T_UF_right,108121
archives/108121_tracts/T_SF_left.vtp,T_SF_left,108121
archives/108121_tracts/T_SF_right.vtp,T_SF_right,108121
archives/108121_tracts/T_SO_left.vtp,T_SO_left,108121
archives/108121_tracts/T_SO_right.vtp,T_SO_right,108121
archives/108121_tracts/T_SP_left.vtp,T_SP_left,108121
archives/108121_tracts/T_SP_right.vtp,T_SP_right,108121
archives/108121_tracts/T_TF_left.vtp,T_TF_left,108121
archives/108121_tracts/T_TF_right.vtp,T_TF_right,108121
archives/108121_tracts/T_TO_left.vtp,T_TO_left,108121
archives/108121_tracts/T_TO_right.vtp,T_TO_right,108121
archives/108121_tracts/T_TP_left.vtp,T_TP_left,108121
archives/108121_tracts/T_TP_right.vtp,T_TP_right,108121
archives/108323_tracts/T_CC1.vtp,T_CC1,108323
archives/108323_tracts/T_CC2.vtp,T_CC2,108323
archives/108323_tracts/T_CC3.vtp,T_CC3,108323
archives/108323_tracts/T_CC4.vtp,T_CC4,108323
archives/108323_tracts/T_CC5.vtp,T_CC5,108323
archives/108323_tracts/T_CC6.vtp,T_CC6,108323
archives/108323_tracts/T_CC7.vtp,T_CC7,108323
archives/108323_tracts/T_MCP.vtp,T_MCP,108323
archives/108323_tracts/T_CPC.vtp,T_CPC,108323
archives/108323_tracts/T_AF_left.vtp,T_AF_left,108323
archives/108323_tracts/T_AF_right.vtp,T_AF_right,108323
archives/108323_tracts/T_CB_left.vtp,T_CB_left,108323
archives/108323_tracts/T_CB_right.vtp,T_CB_right,108323
archives/108323_tracts/T_CR-F_left.vtp,T_CR-F_left,108323
archives/108323_tracts/T_CR-F_right.vtp,T_CR-F_right,108323
archives/108323_tracts/T_CR-P_left.vtp,T_CR-P_left,108323
archives/108323_tracts/T_CR-P_right.vtp,T_CR-P_right,108323
archives/108323_tracts/T_CST_left.vtp,T_CST_left,108323
archives/108323_tracts/T_CST_right.vtp,T_CST_right,108323
archives/108323_tracts/T_EC_left.vtp,T_EC_left,108323
archives/108323_tracts/T_EC_right.vtp,T_EC_right,108323
archives/108323_tracts/T_EmC_left.vtp,T_EmC_left,108323
archives/108323_tracts/T_EmC_right.vtp,T_EmC_right,108323
archives/108323_tracts/T_ICP_left.vtp,T_ICP_left,108323
archives/108323_tracts/T_ICP_right.vtp,T_ICP_right,108323
archives/108323_tracts/T_ILF_left.vtp,T_ILF_left,108323
archives/108323_tracts/T_ILF_right.vtp,T_ILF_right,108323
archives/108323_tracts/T_Intra-CBLM-I&P_left.vtp,T_Intra-CBLM-I&P_left,108323
archives/108323_tracts/T_Intra-CBLM-I&P_right.vtp,T_Intra-CBLM-I&P_right,108323
archives/108323_tracts/T_Intra-CBLM-PaT_left.vtp,T_Intra-CBLM-PaT_left,108323
archives/108323_tracts/T_Intra-CBLM-PaT_right.vtp,T_Intra-CBLM-PaT_right,108323
archives/108323_tracts/T_IOFF_left.vtp,T_IOFF_left,108323
archives/108323_tracts/T_IOFF_right.vtp,T_IOFF_right,108323
archives/108323_tracts/T_MdLF_left.vtp,T_MdLF_left,108323
archives/108323_tracts/T_MdLF_right.vtp,T_MdLF_right,108323
archives/108323_tracts/T_PLIC_left.vtp,T_PLIC_left,108323
archives/108323_tracts/T_PLIC_right.vtp,T_PLIC_right,108323
archives/108323_tracts/T_SLF-I_left.vtp,T_SLF-I_left,108323
archives/108323_tracts/T_SLF-I_right.vtp,T_SLF-I_right,108323
archives/108323_tracts/T_SLF-II_left.vtp,T_SLF-II_left,108323
archives/108323_tracts/T_SLF-II_right.vtp,T_SLF-II_right,108323
archives/108323_tracts/T_SLF-III_left.vtp,T_SLF-III_left,108323
archives/108323_tracts/T_SLF-III_right.vtp,T_SLF-III_right,108323
archives/108323_tracts/T_UF_left.vtp,T_UF_left,108323
archives/108323_tracts/T_UF_right.vtp,T_UF_right,108323
archives/108323_tracts/T_SF_left.vtp,T_SF_left,108323
archives/108323_tracts/T_SF_right.vtp,T_SF_right,108323
archives/108323_tracts/T_SO_left.vtp,T_SO_left,108323
archives/108323_tracts/T_SO_right.vtp,T_SO_right,108323
archives/108323_tracts/T_SP_left.vtp,T_SP_left,108323
archives/108323_tracts/T_SP_right.vtp,T_SP_right,108323
archives/108323_tracts/T_TF_left.vtp,T_TF_left,108323
archives/108323_tracts/T_TF_right.vtp,T_TF_right,108323
archives/108323_tracts/T_TO_left.vtp,T_TO_left,108323
archives/108323_tracts/T_TO_right.vtp,T_TO_right,108323
archives/108323_tracts/T_TP_left.vtp,T_TP_left,108323
archives/108323_tracts/T_TP_right.vtp,T_TP_right,108323
archives/108525_tracts/T_CC1.vtp,T_CC1,108525
archives/108525_tracts/T_CC2.vtp,T_CC2,108525
archives/108525_tracts/T_CC3.vtp,T_CC3,108525
archives/108525_tracts/T_CC4.vtp,T_CC4,108525
archives/108525_tracts/T_CC5.vtp,T_CC5,108525
archives/108525_tracts/T_CC6.vtp,T_CC6,108525
archives/108525_tracts/T_CC7.vtp,T_CC7,108525
archives/108525_tracts/T_MCP.vtp,T_MCP,108525
archives/108525_tracts/T_CPC.vtp,T_CPC,108525
archives/108525_tracts/T_AF_left.vtp,T_AF_left,108525
archives/108525_tracts/T_AF_right.vtp,T_AF_right,108525
archives/108525_tracts/T_CB_left.vtp,T_CB_left,108525
archives/108525_tracts/T_CB_right.vtp,T_CB_right,108525
archives/108525_tracts/T_CR-F_left.vtp,T_CR-F_left,108525
archives/108525_tracts/T_CR-F_right.vtp,T_CR-F_right,108525
archives/108525_tracts/T_CR-P_left.vtp,T_CR-P_left,108525
archives/108525_tracts/T_CR-P_right.vtp,T_CR-P_right,108525
archives/108525_tracts/T_CST_left.vtp,T_CST_left,108525
archives/108525_tracts/T_CST_right.vtp,T_CST_right,108525
archives/108525_tracts/T_EC_left.vtp,T_EC_left,108525
archives/108525_tracts/T_EC_right.vtp,T_EC_right,108525
archives/108525_tracts/T_EmC_left.vtp,T_EmC_left,108525
archives/108525_tracts/T_EmC_right.vtp,T_EmC_right,108525
archives/108525_tracts/T_ICP_left.vtp,T_ICP_left,108525
archives/108525_tracts/T_ICP_right.vtp,T_ICP_right,108525
archives/108525_tracts/T_ILF_left.vtp,T_ILF_left,108525
archives/108525_tracts/T_ILF_right.vtp,T_ILF_right,108525
archives/108525_tracts/T_Intra-CBLM-I&P_left.vtp,T_Intra-CBLM-I&P_left,108525
archives/108525_tracts/T_Intra-CBLM-I&P_right.vtp,T_Intra-CBLM-I&P_right,108525
archives/108525_tracts/T_Intra-CBLM-PaT_left.vtp,T_Intra-CBLM-PaT_left,108525
archives/108525_tracts/T_Intra-CBLM-PaT_right.vtp,T_Intra-CBLM-PaT_right,108525
archives/108525_tracts/T_IOFF_left.vtp,T_IOFF_left,108525
archives/108525_tracts/T_IOFF_right.vtp,T_IOFF_right,108525
archives/108525_tracts/T_MdLF_left.vtp,T_MdLF_left,108525
archives/108525_tracts/T_MdLF_right.vtp,T_MdLF_right,108525
archives/108525_tracts/T_PLIC_left.vtp,T_PLIC_left,108525
archives/108525_tracts/T_PLIC_right.vtp,T_PLIC_right,108525
archives/108525_tracts/T_SLF-I_left.vtp,T_SLF-I_left,108525
archives/108525_tracts/T_SLF-I_right.vtp,T_SLF-I_right,108525
archives/108525_tracts/T_SLF-II_left.vtp,T_SLF-II_left,108525
archives/108525_tracts/T_SLF-II_right.vtp,T_SLF-II_right,108525
archives/108525_tracts/T_SLF-III_left.vtp,T_SLF-III_left,108525
archives/108525_tracts/T_SLF-III_right.vtp,T_SLF-III_right,108525
archives/108525_tracts/T_UF_left.vtp,T_UF_left,108525
archives/108525_tracts/T_UF_right.vtp,T_UF_right,108525
archives/108525_tracts/T_SF_left.vtp,T_SF_left,108525
archives/108525_tracts/T_SF_right.vtp,T_SF_right,108525
archives/108525_tracts/T_SO_left.vtp,T_SO_left,108525
archives/108525_tracts/T_SO_right.vtp,T_SO_right,108525
archives/108525_tracts/T_SP_left.vtp,T_SP_left,108525
archives/108525_tracts/T_SP_right.vtp,T_SP_right,108525
archives/108525_tracts/T_TF_left.vtp,T_TF_left,108525
archives/108525_tracts/T_TF_right.vtp,T_TF_right,108525
archives/108525_tracts/T_TO_left.vtp,T_TO_left,108525
archives/108525_tracts/T_TO_right.vtp,T_TO_right,108525
archives/108525_tracts/T_TP_left.vtp,T_TP_left,108525
archives/108525_tracts/T_TP_right.vtp,T_TP_right,108525
archives/109123_tracts/T_CC1.vtp,T_CC1,109123
archives/109123_tracts/T_CC2.vtp,T_CC2,109123
archives/109123_tracts/T_CC3.vtp,T_CC3,109123
archives/109123_tracts/T_CC4.vtp,T_CC4,109123
archives/109123_tracts/T_CC5.vtp,T_CC5,109123
archives/109123_tracts/T_CC6.vtp,T_CC6,109123
archives/109123_tracts/T_CC7.vtp,T_CC7,109123
archives/109123_tracts/T_MCP.vtp,T_MCP,109123
archives/109123_tracts/T_CPC.vtp,T_CPC,109123
archives/109123_tracts/T_AF_left.vtp,T_AF_left,109123
archives/109123_tracts/T_AF_right.vtp,T_AF_right,109123
archives/109123_tracts/T_CB_left.vtp,T_CB_left,109123
archives/109123_tracts/T_CB_right.vtp,T_CB_right,109123
archives/109123_tracts/T_CR-F_left.vtp,T_CR-F_left,109123
archives/109123_tracts/T_CR-F_right.vtp,T_CR-F_right,109123
archives/109123_tracts/T_CR-P_left.vtp,T_CR-P_left,109123
archives/109123_tracts/T_CR-P_right.vtp,T_CR-P_right,109123
archives/109123_tracts/T_CST_left.vtp,T_CST_left,109123
archives/109123_tracts/T_CST_right.vtp,T_CST_right,109123
archives/109123_tracts/T_EC_left.vtp,T_EC_left,109123
archives/109123_tracts/T_EC_right.vtp,T_EC_right,109123
archives/109123_tracts/T_EmC_left.vtp,T_EmC_left,109123
archives/109123_tracts/T_EmC_right.vtp,T_EmC_right,109123
archives/109123_tracts/T_ICP_left.vtp,T_ICP_left,109123
archives/109123_tracts/T_ICP_right.vtp,T_ICP_right,109123
archives/109123_tracts/T_ILF_left.vtp,T_ILF_left,109123
archives/109123_tracts/T_ILF_right.vtp,T_ILF_right,109123
archives/109123_tracts/T_Intra-CBLM-I&P_left.vtp,T_Intra-CBLM-I&P_left,109123
archives/109123_tracts/T_Intra-CBLM-I&P_right.vtp,T_Intra-CBLM-I&P_right,109123
archives/109123_tracts/T_Intra-CBLM-PaT_left.vtp,T_Intra-CBLM-PaT_left,109123
archives/109123_tracts/T_Intra-CBLM-PaT_right.vtp,T_Intra-CBLM-PaT_right,109123
archives/109123_tracts/T_IOFF_left.vtp,T_IOFF_left,109123
archives/109123_tracts/T_IOFF_right.vtp,T_IOFF_right,109123
archives/109123_tracts/T_MdLF_left.vtp,T_MdLF_left,109123
archives/109123_tracts/T_MdLF_right.vtp,T_MdLF_right,109123
archives/109123_tracts/T_PLIC_left.vtp,T_PLIC_left,109123
archives/109123_tracts/T_PLIC_right.vtp,T_PLIC_right,109123
archives/109123_tracts/T_SLF-I_left.vtp,T_SLF-I_left,109123
archives/109123_tracts/T_SLF-I_right.vtp,T_SLF-I_right,109123
archives/109123_tracts/T_SLF-II_left.vtp,T_SLF-II_left,109123
archives/109123_tracts/T_SLF-II_right.vtp,T_SLF-II_right,109123
archives/109123_tracts/T_SLF-III_left.vtp,T_SLF-III_left,109123
archives/109123_tracts/T_SLF-III_right.vtp,T_SLF-III_right,109123
archives/109123_tracts/T_UF_left.vtp,T_UF_left,109123
archives/109123_tracts/T_UF_right.vtp,T_UF_right,109123
archives/109123_tracts/T_SF_left.vtp,T_SF_left,109123
archives/109123_tracts/T_SF_right.vtp,T_SF_right,109123
archives/109123_tracts/T_SO_left.vtp,T_SO_left,109123
archives/109123_tracts/T_SO_right.vtp,T_SO_right,109123
archives/109123_tracts/T_SP_left.vtp,T_SP_left,109123
archives/109123_tracts/T_SP_right.vtp,T_SP_right,109123
archives/109123_tracts/T_TF_left.vtp,T_TF_left,109123
archives/109123_tracts/T_TF_right.vtp,T_TF_right,109123
archives/109123_tracts/T_TO_left.vtp,T_TO_left,109123
archives/109123_tracts/T_TO_right.vtp,T_TO_right,109123
archives/109123_tracts/T_TP_left.vtp,T_TP_left,109123
archives/109123_tracts/T_TP_right.vtp,T_TP_right,109123
archives/111413_tracts/T_CC1.vtp,T_CC1,111413
archives/111413_tracts/T_CC2.vtp,T_CC2,111413
archives/111413_tracts/T_CC3.vtp,T_CC3,111413
archives/111413_tracts/T_CC4.vtp,T_CC4,111413
archives/111413_tracts/T_CC5.vtp,T_CC5,111413
archives/111413_tracts/T_CC6.vtp,T_CC6,111413
archives/111413_tracts/T_CC7.vtp,T_CC7,111413
archives/111413_tracts/T_MCP.vtp,T_MCP,111413
archives/111413_tracts/T_CPC.vtp,T_CPC,111413
archives/111413_tracts/T_AF_left.vtp,T_AF_left,111413
archives/111413_tracts/T_AF_right.vtp,T_AF_right,111413
archives/111413_tracts/T_CB_left.vtp,T_CB_left,111413
archives/111413_tracts/T_CB_right.vtp,T_CB_right,111413
archives/111413_tracts/T_CR-F_left.vtp,T_CR-F_left,111413
archives/111413_tracts/T_CR-F_right.vtp,T_CR-F_right,111413
archives/111413_tracts/T_CR-P_left.vtp,T_CR-P_left,111413
archives/111413_tracts/T_CR-P_right.vtp,T_CR-P_right,111413
archives/111413_tracts/T_CST_left.vtp,T_CST_left,111413
archives/111413_tracts/T_CST_right.vtp,T_CST_right,111413
archives/111413_tracts/T_EC_left.vtp,T_EC_left,111413
archives/111413_tracts/T_EC_right.vtp,T_EC_right,111413
archives/111413_tracts/T_EmC_left.vtp,T_EmC_left,111413
archives/111413_tracts/T_EmC_right.vtp,T_EmC_right,111413
archives/111413_tracts/T_ICP_left.vtp,T_ICP_left,111413
archives/111413_tracts/T_ICP_right.vtp,T_ICP_right,111413
archives/111413_tracts/T_ILF_left.vtp,T_ILF_left,111413
archives/111413_tracts/T_ILF_right.vtp,T_ILF_right,111413
archives/111413_tracts/T_Intra-CBLM-I&P_left.vtp,T_Intra-CBLM-I&P_left,111413
archives/111413_tracts/T_Intra-CBLM-I&P_right.vtp,T_Intra-CBLM-I&P_right,111413
archives/111413_tracts/T_Intra-CBLM-PaT_left.vtp,T_Intra-CBLM-PaT_left,111413
archives/111413_tracts/T_Intra-CBLM-PaT_right.vtp,T_Intra-CBLM-PaT_right,111413
archives/111413_tracts/T_IOFF_left.vtp,T_IOFF_left,111413
archives/111413_tracts/T_IOFF_right.vtp,T_IOFF_right,111413
archives/111413_tracts/T_MdLF_left.vtp,T_MdLF_left,111413
archives/111413_tracts/T_MdLF_right.vtp,T_MdLF_right,111413
archives/111413_tracts/T_PLIC_left.vtp,T_PLIC_left,111413
archives/111413_tracts/T_PLIC_right.vtp,T_PLIC_right,111413
archives/111413_tracts/T_SLF-I_left.vtp,T_SLF-I_left,111413
archives/111413_tracts/T_SLF-I_right.vtp,T_SLF-I_right,111413
archives/111413_tracts/T_SLF-II_left.vtp,T_SLF-II_left,111413
archives/111413_tracts/T_SLF-II_right.vtp,T_SLF-II_right,111413
archives/111413_tracts/T_SLF-III_left.vtp,T_SLF-III_left,111413
archives/111413_tracts/T_SLF-III_right.vtp,T_SLF-III_right,111413
archives/111413_tracts/T_UF_left.vtp,T_UF_left,111413
archives/111413_tracts/T_UF_right.vtp,T_UF_right,111413
archives/111413_tracts/T_SF_left.vtp,T_SF_left,111413
archives/111413_tracts/T_SF_right.vtp,T_SF_right,111413
archives/111413_tracts/T_SO_left.vtp,T_SO_left,111413
archives/111413_tracts/T_SO_right.vtp,T_SO_right,111413
archives/111413_tracts/T_SP_left.vtp,T_SP_left,111413
archives/111413_tracts/T_SP_right.vtp,T_SP_right,111413
archives/111413_tracts/T_TF_left.vtp,T_TF_left,111413
archives/111413_tracts/T_TF_right.vtp,T_TF_right,111413
archives/111413_tracts/T_TO_left.vtp,T_TO_left,111413
archives/111413_tracts/T_TO_right.vtp,T_TO_right,111413
archives/111413_tracts/T_TP_left.vtp,T_TP_left,111413
archives/111413_tracts/T_TP_right.vtp,T_TP_right,111413
archives/112819_tracts/T_CC1.vtp,T_CC1,112819
archives/112819_tracts/T_CC2.vtp,T_CC2,112819
archives/113215_tracts/T_CC1.vtp,T_CC1,113215
archives/113215_tracts/T_CC2.vtp,T_CC2,113215
archives/113215_tracts/T_CC3.vtp,T_CC3,113215
archives/113215_tracts/T_CC4.vtp,T_CC4,113215
archives/113215_tracts/T_CC5.vtp,T_CC5,113215
archives/113215_tracts/T_CC6.vtp,T_CC6,113215
archives/113215_tracts/T_CC7.vtp,T_CC7,113215
archives/113215_tracts/T_MCP.vtp,T_MCP,113215
archives/113215_tracts/T_CPC.vtp,T_CPC,113215
archives/113215_tracts/T_AF_left.vtp,T_AF_left,113215
archives/113215_tracts/T_AF_right.vtp,T_AF_right,113215
archives/113215_tracts/T_CB_left.vtp,T_CB_left,113215
archives/113215_tracts/T_CB_right.vtp,T_CB_right,113215
archives/113215_tracts/T_CR-F_left.vtp,T_CR-F_left,113215
archives/113215_tracts/T_CR-F_right.vtp,T_CR-F_right,113215
archives/113215_tracts/T_CR-P_left.vtp,T_CR-P_left,113215
archives/113215_tracts/T_CR-P_right.vtp,T_CR-P_right,113215
archives/113215_tracts/T_CST_left.vtp,T_CST_left,113215
archives/113215_tracts/T_CST_right.vtp,T_CST_right,113215
archives/113215_tracts/T_EC_left.vtp,T_EC_left,113215
archives/113215_tracts/T_EC_right.vtp,T_EC_right,113215
archives/113215_tracts/T_EmC_left.vtp,T_EmC_left,113215
archives/113215_tracts/T_EmC_right.vtp,T_EmC_right,113215
archives/113215_tracts/T_ICP_left.vtp,T_ICP_left,113215
archives/113215_tracts/T_ICP_right.vtp,T_ICP_right,113215
archives/113215_tracts/T_ILF_left.vtp,T_ILF_left,113215
archives/113215_tracts/T_ILF_right.vtp,T_ILF_right,113215
archives/113215_tracts/T_Intra-CBLM-I&P_left.vtp,T_Intra-CBLM-I&P_left,113215
archives/113215_tracts/T_Intra-CBLM-I&P_right.vtp,T_Intra-CBLM-I&P_right,113215
archives/113215_tracts/T_Intra-CBLM-PaT_left.vtp,T_Intra-CBLM-PaT_left,113215
archives/113215_tracts/T_Intra-CBLM-PaT_right.vtp,T_Intra-CBLM-PaT_right,113215
archives/113215_tracts/T_IOFF_left.vtp,T_IOFF_left,113215
archives/113215_tracts/T_IOFF_right.vtp,T_IOFF_right,113215
archives/113215_tracts/T_MdLF_left.vtp,T_MdLF_left,113215
archives/113215_tracts/T_MdLF_right.vtp,T_MdLF_right,113215
archives/113215_tracts/T_PLIC_left.vtp,T_PLIC_left,113215
archives/113215_tracts/T_PLIC_right.vtp,T_PLIC_right,113215
archives/113215_tracts/T_SLF-I_left.vtp,T_SLF-I_left,113215
archives/113215_tracts/T_SLF-I_right.vtp,T_SLF-I_right,113215
archives/113215_tracts/T_SLF-II_left.vtp,T_SLF-II_left,113215
archives/113215_tracts/T_SLF-II_right.vtp,T_SLF-II_right,113215
archives/113215_tracts/T_SLF-III_left.vtp,T_SLF-III_left,113215
archives/113215_tracts/T_SLF-III_right.vtp,T_SLF-III_right,113215
archives/113215_tracts/T_UF_left.vtp,T_UF_left,113215
archives/113215_tracts/T_UF_right.vtp,T_UF_right,113215
archives/113215_tracts/T_SF_left.vtp,T_SF_left,113215
archives/113215_tracts/T_SF_right.vtp,T_SF_right,113215
archives/113215_tracts/T_SO_left.vtp,T_SO_left,113215
archives/113215_tracts/T_SO_right.vtp,T_SO_right,113215
archives/113215_tracts/T_SP_left.vtp,T_SP_left,113215
archives/113215_tracts/T_SP_right.vtp,T_SP_right,113215
archives/113215_tracts/T_TF_left.vtp,T_TF_left,113215
archives/113215_tracts/T_TF_right.vtp,T_TF_right,113215
archives/113215_tracts/T_TO_left.vtp,T_TO_left,113215
archives/113215_tracts/T_TO_right.vtp,T_TO_right,113215
archives/113215_tracts/T_TP_left.vtp,T_TP_left,113215
archives/113215_tracts/T_TP_right.vtp,T_TP_right,113215
archives/113821_tracts/T_CC1.vtp,T_CC1,113821
archives/113821_tracts/T_CC2.vtp,T_CC2,113821
archives/113821_tracts/T_CC3.vtp,T_CC3,113821
archives/113821_tracts/T_CC4.vtp,T_CC4,113821
archives/113821_tracts/T_CC5.vtp,T_CC5,113821
archives/113821_tracts/T_CC6.vtp,T_CC6,113821
archives/113821_tracts/T_CC7.vtp,T_CC7,113821
archives/113821_tracts/T_MCP.vtp,T_MCP,113821
archives/113821_tracts/T_CPC.vtp,T_CPC,113821
archives/113821_tracts/T_AF_left.vtp,T_AF_left,113821
archives/113821_tracts/T_AF_right.vtp,T_AF_right,113821
archives/113821_tracts/T_CB_left.vtp,T_CB_left,113821
archives/113821_tracts/T_CB_right.vtp,T_CB_right,113821
archives/113821_tracts/T_CR-F_left.vtp,T_CR-F_left,113821
archives/113821_tracts/T_CR-F_right.vtp,T_CR-F_right,113821
archives/113821_tracts/T_CR-P_left.vtp,T_CR-P_left,113821
archives/113821_tracts/T_CR-P_right.vtp,T_CR-P_right,113821
archives/113821_tracts/T_CST_left.vtp,T_CST_left,113821
archives/113821_tracts/T_CST_right.vtp,T_CST_right,113821
archives/113821_tracts/T_EC_left.vtp,T_EC_left,113821
archives/113821_tracts/T_EC_right.vtp,T_EC_right,113821
archives/113821_tracts/T_EmC_left.vtp,T_EmC_left,113821
archives/113821_tracts/T_EmC_right.vtp,T_EmC_right,113821
archives/113821_tracts/T_ICP_left.vtp,T_ICP_left,113821
archives/113821_tracts/T_ICP_right.vtp,T_ICP_right,113821
archives/113821_tracts/T_ILF_left.vtp,T_ILF_left,113821
archives/113821_tracts/T_ILF_right.vtp,T_ILF_right,113821
archives/113821_tracts/T_Intra-CBLM-I&P_left.vtp,T_Intra-CBLM-I&P_left,113821
archives/113821_tracts/T_Intra-CBLM-I&P_right.vtp,T_Intra-CBLM-I&P_right,113821
archives/113821_tracts/T_Intra-CBLM-PaT_left.vtp,T_Intra-CBLM-PaT_left,113821
archives/113821_tracts/T_Intra-CBLM-PaT_right.vtp,T_Intra-CBLM-PaT_right,113821
archives/113821_tracts/T_IOFF_left.vtp,T_IOFF_left,113821
archives/113821_tracts/T_IOFF_right.vtp,T_IOFF_right,113821
archives/113821_tracts/T_MdLF_left.vtp,T_MdLF_left,113821
archives/113821_tracts/T_MdLF_right.vtp,T_MdLF_right,113821
archives/113821_tracts/T_PLIC_left.vtp,T_PLIC_left,113821
archives/113821_tracts/T_PLIC_right.vtp,T_PLIC_right,113821
archives/113821_tracts/T_SLF-I_left.vtp,T_SLF-I_left,113821
archives/113821_tracts/T_SLF-I_right.vtp,T_SLF-I_right,113821
archives/113821_tracts/T_SLF-II_left.vtp,T_SLF-II_left,113821
archives/113821_tracts/T_SLF-II_right.vtp,T_SLF-II_right,113821
archives/113821_tracts/T_SLF-III_left.vtp,T_SLF-III_left,113821
archives/113821_tracts/T_SLF-III_right.vtp,T_SLF-III_right,113821
archives/113821_tracts/T_UF_left.vtp,T_UF_left,113821
archives/113821_tracts/T_UF_right.vtp,T_UF_right,113821
archives/113821_tracts/T_SF_left.vtp,T_SF_left,113821
archives/113821_tracts/T_SF_right.vtp,T_SF_right,113821
archives/113821_tracts/T_SO_left.vtp,T_SO_left,113821
archives/113821_tracts/T_SO_right.vtp,T_SO_right,113821
archives/113821_tracts/T_SP_left.vtp,T_SP_left,113821
archives/113821_tracts/T_SP_right.vtp,T_SP_right,113821
archives/113821_tracts/T_TF_left.vtp,T_TF_left,113821
archives/113821_tracts/T_TF_right.vtp,T_TF_right,113821
archives/113821_tracts/T_TO_left.vtp,T_TO_left,113821
archives/113821_tracts/T_TO_right.vtp,T_TO_right,113821
archives/113821_tracts/T_TP_left.vtp,T_TP_left,113821
archives/113821_tracts/T_TP_right.vtp,T_TP_right,113821
archives/117324_tracts/T_CC1.vtp,T_CC1,117324
archives/117324_tracts/T_CC2.vtp,T_CC2,117324
archives/117324_tracts/T_CC3.vtp,T_CC3,117324
archives/117324_tracts/T_CC4.vtp,T_CC4,117324
archives/117324_tracts/T_CC5.vtp,T_CC5,117324
archives/117324_tracts/T_CC6.vtp,T_CC6,117324
archives/117324_tracts/T_CC7.vtp,T_CC7,117324
archives/117324_tracts/T_MCP.vtp,T_MCP,117324
archives/117324_tracts/T_CPC.vtp,T_CPC,117324
archives/117324_tracts/T_AF_left.vtp,T_AF_left,117324
archives/117324_tracts/T_AF_right.vtp,T_AF_right,117324
archives/117324_tracts/T_CB_left.vtp,T_CB_left,117324
archives/117324_tracts/T_CB_right.vtp,T_CB_right,117324
archives/117324_tracts/T_CR-F_left.vtp,T_CR-F_left,117324
archives/117324_tracts/T_CR-F_right.vtp,T_CR-F_right,117324
archives/117324_tracts/T_CR-P_left.vtp,T_CR-P_left,117324
archives/117324_tracts/T_CR-P_right.vtp,T_CR-P_right,117324
archives/117324_tracts/T_CST_left.vtp,T_CST_left,117324
archives/117324_tracts/T_CST_right.vtp,T_CST_right,117324
archives/117324_tracts/T_EC_left.vtp,T_EC_left,117324
archives/117324_tracts/T_EC_right.vtp,T_EC_right,117324
archives/117324_tracts/T_EmC_left.vtp,T_EmC_left,117324
archives/117324_tracts/T_EmC_right.vtp,T_EmC_right,117324
archives/117324_tracts/T_ICP_left.vtp,T_ICP_left,117324
archives/117324_tracts/T_ICP_right.vtp,T_ICP_right,117324
archives/117324_tracts/T_ILF_left.vtp,T_ILF_left,117324
archives/117324_tracts/T_ILF_right.vtp,T_ILF_right,117324
archives/117324_tracts/T_Intra-CBLM-I&P_left.vtp,T_Intra-CBLM-I&P_left,117324
archives/117324_tracts/T_Intra-CBLM-I&P_right.vtp,T_Intra-CBLM-I&P_right,117324
archives/117324_tracts/T_Intra-CBLM-PaT_left.vtp,T_Intra-CBLM-PaT_left,117324
archives/117324_tracts/T_Intra-CBLM-PaT_right.vtp,T_Intra-CBLM-PaT_right,117324
archives/117324_tracts/T_IOFF_left.vtp,T_IOFF_left,117324
archives/117324_tracts/T_IOFF_right.vtp,T_IOFF_right,117324
archives/117324_tracts/T_MdLF_left.vtp,T_MdLF_left,117324
archives/117324_tracts/T_MdLF_right.vtp,T_MdLF_right,117324
archives/117324_tracts/T_PLIC_left.vtp,T_PLIC_left,117324
archives/117324_tracts/T_PLIC_right.vtp,T_PLIC_right,117324
archives/117324_tracts/T_SLF-I_left.vtp,T_SLF-I_left,117324
archives/117324_tracts/T_SLF-I_right.vtp,T_SLF-I_right,117324
archives/117324_tracts/T_SLF-II_left.vtp,T_SLF-II_left,117324
archives/117324_tracts/T_SLF-II_right.vtp,T_SLF-II_right,117324
archives/117324_tracts/T_SLF-III_left.vtp,T_SLF-III_left,117324
archives/117324_tracts/T_SLF-III_right.vtp,T_SLF-III_right,117324
archives/117324_tracts/T_UF_left.vtp,T_UF_left,117324
archives/117324_tracts/T_UF_right.vtp,T_UF_right,117324
archives/117324_tracts/T_SF_left.vtp,T_SF_left,117324
archives/117324_tracts/T_SF_right.vtp,T_SF_right,117324
archives/117324_tracts/T_SO_left.vtp,T_SO_left,117324
archives/117324_tracts/T_SO_right.vtp,T_SO_right,117324
archives/117324_tracts/T_SP_left.vtp,T_SP_left,117324
archives/117324_tracts/T_SP_right.vtp,T_SP_right,117324
archives/117324_tracts/T_TF_left.vtp,T_TF_left,117324
archives/117324_tracts/T_TF_right.vtp,T_TF_right,117324
archives/117324_tracts/T_TO_left.vtp,T_TO_left,117324
archives/117324_tracts/T_TO_right.vtp,T_TO_right,117324
archives/117324_tracts/T_TP_left.vtp,T_TP_left,117324
archives/117324_tracts/T_TP_right.vtp,T_TP_right,117324
archives/119833_tracts/T_CC1.vtp,T_CC1,119833
archives/119833_tracts/T_CC2.vtp,T_CC2,119833
archives/119833_tracts/T_CC3.vtp,T_CC3,119833
archives/119833_tracts/T_CC4.vtp,T_CC4,119833
archives/119833_tracts/T_CC5.vtp,T_CC5,119833
archives/119833_tracts/T_CC6.vtp,T_CC6,119833
archives/119833_tracts/T_CC7.vtp,T_CC7,119833
archives/119833_tracts/T_MCP.vtp,T_MCP,119833
archives/119833_tracts/T_CPC.vtp,T_CPC,119833
archives/119833_tracts/T_AF_left.vtp,T_AF_left,119833
archives/119833_tracts/T_AF_right.vtp,T_AF_right,119833
archives/119833_tracts/T_CB_left.vtp,T_CB_left,119833
archives/119833_tracts/T_CB_right.vtp,T_CB_right,119833
archives/119833_tracts/T_CR-F_left.vtp,T_CR-F_left,119833
archives/119833_tracts/T_CR-F_right.vtp,T_CR-F_right,119833
archives/119833_tracts/T_CR-P_left.vtp,T_CR-P_left,119833
archives/119833_tracts/T_CR-P_right.vtp,T_CR-P_right,119833
archives/119833_tracts/T_CST_left.vtp,T_CST_left,119833
archives/119833_tracts/T_CST_right.vtp,T_CST_right,119833
archives/119833_tracts/T_EC_left.vtp,T_EC_left,119833
archives/119833_tracts/T_EC_right.vtp,T_EC_right,119833
archives/119833_tracts/T_EmC_left.vtp,T_EmC_left,119833
archives/119833_tracts/T_EmC_right.vtp,T_EmC_right,119833
archives/119833_tracts/T_ICP_left.vtp,T_ICP_left,119833
archives/119833_tracts/T_ICP_right.vtp,T_ICP_right,119833
archives/119833_tracts/T_ILF_left.vtp,T_ILF_left,119833
archives/119833_tracts/T_ILF_right.vtp,T_ILF_right,119833
archives/119833_tracts/T_Intra-CBLM-I&P_left.vtp,T_Intra-CBLM-I&P_left,119833
archives/119833_tracts/T_Intra-CBLM-I&P_right.vtp,T_Intra-CBLM-I&P_right,119833
archives/119833_tracts/T_Intra-CBLM-PaT_left.vtp,T_Intra-CBLM-PaT_left,119833
archives/119833_tracts/T_Intra-CBLM-PaT_right.vtp,T_Intra-CBLM-PaT_right,119833
archives/119833_tracts/T_IOFF_left.vtp,T_IOFF_left,119833
archives/119833_tracts/T_IOFF_right.vtp,T_IOFF_right,119833
archives/119833_tracts/T_MdLF_left.vtp,T_MdLF_left,119833
archives/119833_tracts/T_MdLF_right.vtp,T_MdLF_right,119833
archives/119833_tracts/T_PLIC_left.vtp,T_PLIC_left,119833
archives/119833_tracts/T_PLIC_right.vtp,T_PLIC_right,119833
archives/119833_tracts/T_SLF-I_left.vtp,T_SLF-I_left,119833
archives/119833_tracts/T_SLF-I_right.vtp,T_SLF-I_right,119833
archives/119833_tracts/T_SLF-II_left.vtp,T_SLF-II_left,119833
archives/119833_tracts/T_SLF-II_right.vtp,T_SLF-II_right,119833
archives/119833_tracts/T_SLF-III_left.vtp,T_SLF-III_left,119833
archives/119833_tracts/T_SLF-III_right.vtp,T_SLF-III_right,119833
archives/119833_tracts/T_UF_left.vtp,T_UF_left,119833
archives/119833_tracts/T_UF_right.vtp,T_UF_right,119833
archives/119833_tracts/T_SF_left.vtp,T_SF_left,119833
archives/119833_tracts/T_SF_right.vtp,T_SF_right,119833
archives/119833_tracts/T_SO_left.vtp,T_SO_left,119833
archives/119833_tracts/T_SO_right.vtp,T_SO_right,119833
archives/119833_tracts/T_SP_left.vtp,T_SP_left,119833
archives/119833_tracts/T_SP_right.vtp,T_SP_right,119833
archives/119833_tracts/T_TF_left.vtp,T_TF_left,119833
archives/119833_tracts/T_TF_right.vtp,T_TF_right,119833
archives/119833_tracts/T_TO_left.vtp,T_TO_left,119833
archives/119833_tracts/T_TO_right.vtp,T_TO_right,119833
archives/119833_tracts/T_TP_left.vtp,T_TP_left,119833
archives/119833_tracts/T_TP_right.vtp,T_TP_right,119833
archives/120212_tracts/T_CC1.vtp,T_CC1,120212
archives/120212_tracts/T_CC2.vtp,T_CC2,120212
archives/120212_tracts/T_CC3.vtp,T_CC3,120212
archives/120212_tracts/T_CC4.vtp,T_CC4,120212
archives/120212_tracts/T_CC5.vtp,T_CC5,120212
archives/120212_tracts/T_CC6.vtp,T_CC6,120212
archives/120212_tracts/T_CC7.vtp,T_CC7,120212
archives/120212_tracts/T_MCP.vtp,T_MCP,120212
archives/120212_tracts/T_CPC.vtp,T_CPC,120212
archives/120212_tracts/T_AF_left.vtp,T_AF_left,120212
archives/120212_tracts/T_AF_right.vtp,T_AF_right,120212
archives/120212_tracts/T_CB_left.vtp,T_CB_left,120212
archives/120212_tracts/T_CB_right.vtp,T_CB_right,120212
archives/120212_tracts/T_CR-F_left.vtp,T_CR-F_left,120212
archives/120212_tracts/T_CR-F_right.vtp,T_CR-F_right,120212
archives/120212_tracts/T_CR-P_left.vtp,T_CR-P_left,120212
archives/120212_tracts/T_CR-P_right.vtp,T_CR-P_right,120212
archives/120212_tracts/T_CST_left.vtp,T_CST_left,120212
archives/120212_tracts/T_CST_right.vtp,T_CST_right,120212
archives/120212_tracts/T_EC_left.vtp,T_EC_left,120212
archives/120212_tracts/T_EC_right.vtp,T_EC_right,120212
archives/120212_tracts/T_EmC_left.vtp,T_EmC_left,120212
archives/120212_tracts/T_EmC_right.vtp,T_EmC_right,120212
archives/120212_tracts/T_ICP_left.vtp,T_ICP_left,120212
archives/120212_tracts/T_ICP_right.vtp,T_ICP_right,120212
archives/120212_tracts/T_ILF_left.vtp,T_ILF_left,120212
archives/120212_tracts/T_ILF_right.vtp,T_ILF_right,120212
archives/120212_tracts/T_Intra-CBLM-I&P_left.vtp,T_Intra-CBLM-I&P_left,120212
archives/120212_tracts/T_Intra-CBLM-I&P_right.vtp,T_Intra-CBLM-I&P_right,120212
archives/120212_tracts/T_Intra-CBLM-PaT_left.vtp,T_Intra-CBLM-PaT_left,120212
archives/120212_tracts/T_Intra-CBLM-PaT_right.vtp,T_Intra-CBLM-PaT_right,120212
archives/120212_tracts/T_IOFF_left.vtp,T_IOFF_left,120212
archives/120212_tracts/T_IOFF_right.vtp,T_IOFF_right,120212
archives/120212_tracts/T_MdLF_left.vtp,T_MdLF_left,120212
archives/120212_tracts/T_MdLF_right.vtp,T_MdLF_right,120212
archives/120212_tracts/T_PLIC_left.vtp,T_PLIC_left,120212
archives/120212_tracts/T_PLIC_right.vtp,T_PLIC_right,120212
archives/120212_tracts/T_SLF-I_left.vtp,T_SLF-I_left,120212
archives/120212_tracts/T_SLF-I_right.vtp,T_SLF-I_right,120212
archives/120212_tracts/T_SLF-II_left.vtp,T_SLF-II_left,120212
archives/120212_tracts/T_SLF-II_right.vtp,T_SLF-II_right,120212
archives/120212_tracts/T_SLF-III_left.vtp,T_SLF-III_left,120212
archives/120212_tracts/T_SLF-III_right.vtp,T_SLF-III_right,120212
archives/120212_tracts/T_UF_left.vtp,T_UF_left,120212
archives/120212_tracts/T_UF_right.vtp,T_UF_right,120212
archives/120212_tracts/T_SF_left.vtp,T_SF_left,120212
archives/120212_tracts/T_SF_right.vtp,T_SF_right,120212
archives/120212_tracts/T_SO_left.vtp,T_SO_left,120212
archives/120212_tracts/T_SO_right.vtp,T_SO_right,120212
archives/120212_tracts/T_SP_left.vtp,T_SP_left,120212
archives/120212_tracts/T_SP_right.vtp,T_SP_right,120212
archives/120212_tracts/T_TF_left.vtp,T_TF_left,120212
archives/120212_tracts/T_TF_right.vtp,T_TF_right,120212
archives/120212_tracts/T_TO_left.vtp,T_TO_left,120212
archives/120212_tracts/T_TO_right.vtp,T_TO_right,120212
archives/120212_tracts/T_TP_left.vtp,T_TP_left,120212
archives/120212_tracts/T_TP_right.vtp,T_TP_right,120212
archives/120515_tracts/T_CC1.vtp,T_CC1,120515
archives/120515_tracts/T_CC2.vtp,T_CC2,120515
archives/121618_tracts/T_CC1.vtp,T_CC1,121618
archives/121618_tracts/T_CC2.vtp,T_CC2,121618
archives/121618_tracts/T_CC3.vtp,T_CC3,121618
archives/121618_tracts/T_CC4.vtp,T_CC4,121618
archives/121618_tracts/T_CC5.vtp,T_CC5,121618
archives/121618_tracts/T_CC6.vtp,T_CC6,121618
archives/121618_tracts/T_CC7.vtp,T_CC7,121618
archives/121618_tracts/T_MCP.vtp,T_MCP,121618
archives/121618_tracts/T_CPC.vtp,T_CPC,121618
archives/121618_tracts/T_AF_left.vtp,T_AF_left,121618
archives/121618_tracts/T_AF_right.vtp,T_AF_right,121618
archives/121618_tracts/T_CB_left.vtp,T_CB_left,121618
archives/121618_tracts/T_CB_right.vtp,T_CB_right,121618
archives/121618_tracts/T_CR-F_left.vtp,T_CR-F_left,121618
archives/121618_tracts/T_CR-F_right.vtp,T_CR-F_right,121618
archives/121618_tracts/T_CR-P_left.vtp,T_CR-P_left,121618
archives/121618_tracts/T_CR-P_right.vtp,T_CR-P_right,121618
archives/121618_tracts/T_CST_left.vtp,T_CST_left,121618
archives/121618_tracts/T_CST_right.vtp,T_CST_right,121618
archives/121618_tracts/T_EC_left.vtp,T_EC_left,121618
archives/121618_tracts/T_EC_right.vtp,T_EC_right,121618
archives/121618_tracts/T_EmC_left.vtp,T_EmC_left,121618
archives/121618_tracts/T_EmC_right.vtp,T_EmC_right,121618
archives/121618_tracts/T_ICP_left.vtp,T_ICP_left,121618
archives/121618_tracts/T_ICP_right.vtp,T_ICP_right,121618
archives/121618_tracts/T_ILF_left.vtp,T_ILF_left,121618
archives/121618_tracts/T_ILF_right.vtp,T_ILF_right,121618
archives/121618_tracts/T_Intra-CBLM-I&P_left.vtp,T_Intra-CBLM-I&P_left,121618
archives/121618_tracts/T_Intra-CBLM-I&P_right.vtp,T_Intra-CBLM-I&P_right,121618
archives/121618_tracts/T_Intra-CBLM-PaT_left.vtp,T_Intra-CBLM-PaT_left,121618
archives/121618_tracts/T_Intra-CBLM-PaT_right.vtp,T_Intra-CBLM-PaT_right,121618
archives/121618_tracts/T_IOFF_left.vtp,T_IOFF_left,121618
archives/121618_tracts/T_IOFF_right.vtp,T_IOFF_right,121618
archives/121618_tracts/T_MdLF_left.vtp,T_MdLF_left,121618
archives/121618_tracts/T_MdLF_right.vtp,T_MdLF_right,121618
archives/121618_tracts/T_PLIC_left.vtp,T_PLIC_left,121618
archives/121618_tracts/T_PLIC_right.vtp,T_PLIC_right,121618
archives/121618_tracts/T_SLF-I_left.vtp,T_SLF-I_left,121618
archives/121618_tracts/T_SLF-I_right.vtp,T_SLF-I_right,121618
archives/121618_tracts/T_SLF-II_left.vtp,T_SLF-II_left,121618
archives/121618_tracts/T_SLF-II_right.vtp,T_SLF-II_right,121618
archives/121618_tracts/T_SLF-III_left.vtp,T_SLF-III_left,121618
archives/121618_tracts/T_SLF-III_right.vtp,T_SLF-III_right,121618
archives/121618_tracts/T_UF_left.vtp,T_UF_left,121618
archives/121618_tracts/T_UF_right.vtp,T_UF_right,121618
archives/121618_tracts/T_SF_left.vtp,T_SF_left,121618
archives/121618_tracts/T_SF_right.vtp,T_SF_right,121618
archives/121618_tracts/T_SO_left.vtp,T_SO_left,121618
archives/121618_tracts/T_SO_right.vtp,T_SO_right,121618
archives/121618_tracts/T_SP_left.vtp,T_SP_left,121618
archives/121618_tracts/T_SP_right.vtp,T_SP_right,121618
archives/121618_tracts/T_TF_left.vtp,T_TF_left,121618
archives/121618_tracts/T_TF_right.vtp,T_TF_right,121618
archives/121618_tracts/T_TO_left.vtp,T_TO_left,121618
archives/121618_tracts/T_TO_right.vtp,T_TO_right,121618
archives/121618_tracts/T_TP_left.vtp,T_TP_left,121618
archives/121618_tracts/T_TP_right.vtp,T_TP_right,121618
archives/121719_tracts/T_CC1.vtp,T_CC1,121719
archives/121719_tracts/T_CC2.vtp,T_CC2,121719
archives/121719_tracts/T_CC3.vtp,T_CC3,121719
archives/121719_tracts/T_CC4.vtp,T_CC4,121719
archives/121719_tracts/T_CC5.vtp,T_CC5,121719
archives/121719_tracts/T_CC6.vtp,T_CC6,121719
archives/121719_tracts/T_CC7.vtp,T_CC7,121719
archives/121719_tracts/T_MCP.vtp,T_MCP,121719
archives/121719_tracts/T_CPC.vtp,T_CPC,121719
archives/121719_tracts/T_AF_left.vtp,T_AF_left,121719
archives/121719_tracts/T_AF_right.vtp,T_AF_right,121719
archives/121719_tracts/T_CB_left.vtp,T_CB_left,121719
archives/121719_tracts/T_CB_right.vtp,T_CB_right,121719
archives/121719_tracts/T_CR-F_left.vtp,T_CR-F_left,121719
archives/121719_tracts/T_CR-F_right.vtp,T_CR-F_right,121719
archives/121719_tracts/T_CR-P_left.vtp,T_CR-P_left,121719
archives/121719_tracts/T_CR-P_right.vtp,T_CR-P_right,121719
archives/121719_tracts/T_CST_left.vtp,T_CST_left,121719
archives/121719_tracts/T_CST_right.vtp,T_CST_right,121719
archives/121719_tracts/T_EC_left.vtp,T_EC_left,121719
archives/121719_tracts/T_EC_right.vtp,T_EC_right,121719
archives/121719_tracts/T_EmC_left.vtp,T_EmC_left,121719
archives/121719_tracts/T_EmC_right.vtp,T_EmC_right,121719
archives/121719_tracts/T_ICP_left.vtp,T_ICP_left,121719
archives/121719_tracts/T_ICP_right.vtp,T_ICP_right,121719
archives/121719_tracts/T_ILF_left.vtp,T_ILF_left,121719
archives/121719_tracts/T_ILF_right.vtp,T_ILF_right,121719
archives/121719_tracts/T_Intra-CBLM-I&P_left.vtp,T_Intra-CBLM-I&P_left,121719
archives/121719_tracts/T_Intra-CBLM-I&P_right.vtp,T_Intra-CBLM-I&P_right,121719
archives/121719_tracts/T_Intra-CBLM-PaT_left.vtp,T_Intra-CBLM-PaT_left,121719
archives/121719_tracts/T_Intra-CBLM-PaT_right.vtp,T_Intra-CBLM-PaT_right,121719
archives/121719_tracts/T_IOFF_left.vtp,T_IOFF_left,121719
archives/121719_tracts/T_IOFF_right.vtp,T_IOFF_right,121719
archives/121719_tracts/T_MdLF_left.vtp,T_MdLF_left,121719
archives/121719_tracts/T_MdLF_right.vtp,T_MdLF_right,121719
archives/121719_tracts/T_PLIC_left.vtp,T_PLIC_left,121719
archives/121719_tracts/T_PLIC_right.vtp,T_PLIC_right,121719
archives/121719_tracts/T_SLF-I_left.vtp,T_SLF-I_left,121719
archives/121719_tracts/T_SLF-I_right.vtp,T_SLF-I_right,121719
archives/121719_tracts/T_SLF-II_left.vtp,T_SLF-II_left,121719
archives/121719_tracts/T_SLF-II_right.vtp,T_SLF-II_right,121719
archives/121719_tracts/T_SLF-III_left.vtp,T_SLF-III_left,121719
archives/121719_tracts/T_SLF-III_right.vtp,T_SLF-III_right,121719
archives/121719_tracts/T_UF_left.vtp,T_UF_left,121719
archives/121719_tracts/T_UF_right.vtp,T_UF_right,121719
archives/121719_tracts/T_SF_left.vtp,T_SF_left,121719
archives/121719_tracts/T_SF_right.vtp,T_SF_right,121719
archives/121719_tracts/T_SO_left.vtp,T_SO_left,121719
archives/121719_tracts/T_SO_right.vtp,T_SO_right,121719
archives/121719_tracts/T_SP_left.vtp,T_SP_left,121719
archives/121719_tracts/T_SP_right.vtp,T_SP_right,121719
archives/121719_tracts/T_TF_left.vtp,T_TF_left,121719
archives/121719_tracts/T_TF_right.vtp,T_TF_right,121719
archives/121719_tracts/T_TO_left.vtp,T_TO_left,121719
archives/121719_tracts/T_TO_right.vtp,T_TO_right,121719
archives/121719_tracts/T_TP_left.vtp,T_TP_left,121719
archives/121719_tracts/T_TP_right.vtp,T_TP_right,121719
archives/123420_tracts/T_CC1.vtp,T_CC1,123420
archives/123420_tracts/T_CC2.vtp,T_CC2,123420
archives/123420_tracts/T_CC3.vtp,T_CC3,123420
archives/123420_tracts/T_CC4.vtp,T_CC4,123420
archives/123420_tracts/T_CC5.vtp,T_CC5,123420
archives/123420_tracts/T_CC6.vtp,T_CC6,123420
archives/123420_tracts/T_CC7.vtp,T_CC7,123420
archives/123420_tracts/T_MCP.vtp,T_MCP,123420
archives/123420_tracts/T_CPC.vtp,T_CPC,123420
archives/123420_tracts/T_AF_left.vtp,T_AF_left,123420
archives/123420_tracts/T_AF_right.vtp,T_AF_right,123420
archives/123420_tracts/T_CB_left.vtp,T_CB_left,123420
archives/123420_tracts/T_CB_right.vtp,T_CB_right,123420
archives/123420_tracts/T_CR-F_left.vtp,T_CR-F_left,123420
archives/123420_tracts/T_CR-F_right.vtp,T_CR-F_right,123420
archives/123420_tracts/T_CR-P_left.vtp,T_CR-P_left,123420
archives/123420_tracts/T_CR-P_right.vtp,T_CR-P_right,123420
archives/123420_tracts/T_CST_left.vtp,T_CST_left,123420
archives/123420_tracts/T_CST_right.vtp,T_CST_right,123420
archives/123420_tracts/T_EC_left.vtp,T_EC_left,123420
archives/123420_tracts/T_EC_right.vtp,T_EC_right,123420
archives/123420_tracts/T_EmC_left.vtp,T_EmC_left,123420
archives/123420_tracts/T_EmC_right.vtp,T_EmC_right,123420
archives/123420_tracts/T_ICP_left.vtp,T_ICP_left,123420
archives/123420_tracts/T_ICP_right.vtp,T_ICP_right,123420
archives/123420_tracts/T_ILF_left.vtp,T_ILF_left,123420
archives/123420_tracts/T_ILF_right.vtp,T_ILF_right,123420
archives/123420_tracts/T_Intra-CBLM-I&P_left.vtp,T_Intra-CBLM-I&P_left,123420
archives/123420_tracts/T_Intra-CBLM-I&P_right.vtp,T_Intra-CBLM-I&P_right,123420
archives/123420_tracts/T_Intra-CBLM-PaT_left.vtp,T_Intra-CBLM-PaT_left,123420
archives/123420_tracts/T_Intra-CBLM-PaT_right.vtp,T_Intra-CBLM-PaT_right,123420
archives/123420_tracts/T_IOFF_left.vtp,T_IOFF_left,123420
archives/123420_tracts/T_IOFF_right.vtp,T_IOFF_right,123420
archives/123420_tracts/T_MdLF_left.vtp,T_MdLF_left,123420
archives/123420_tracts/T_MdLF_right.vtp,T_MdLF_right,123420
archives/123420_tracts/T_PLIC_left.vtp,T_PLIC_left,123420
archives/123420_tracts/T_PLIC_right.vtp,T_PLIC_right,123420
archives/123420_tracts/T_SLF-I_left.vtp,T_SLF-I_left,123420
archives/123420_tracts/T_SLF-I_right.vtp,T_SLF-I_right,123420
archives/123420_tracts/T_SLF-II_left.vtp,T_SLF-II_left,123420
archives/123420_tracts/T_SLF-II_right.vtp,T_SLF-II_right,123420
archives/123420_tracts/T_SLF-III_left.vtp,T_SLF-III_left,123420
archives/123420_tracts/T_SLF-III_right.vtp,T_SLF-III_right,123420
archives/123420_tracts/T_UF_left.vtp,T_UF_left,123420
archives/123420_tracts/T_UF_right.vtp,T_UF_right,123420
archives/123420_tracts/T_SF_left.vtp,T_SF_left,123420
archives/123420_tracts/T_SF_right.vtp,T_SF_right,123420
archives/123420_tracts/T_SO_left.vtp,T_SO_left,123420
archives/123420_tracts/T_SO_right.vtp,T_SO_right,123420
archives/123420_tracts/T_SP_left.vtp,T_SP_left,123420
archives/123420_tracts/T_SP_right.vtp,T_SP_right,123420
archives/123420_tracts/T_TF_left.vtp,T_TF_left,123420
archives/123420_tracts/T_TF_right.vtp,T_TF_right,123420
archives/123420_tracts/T_TO_left.vtp,T_TO_left,123420
archives/123420_tracts/T_TO_right.vtp,T_TO_right,123420
archives/123420_tracts/T_TP_left.vtp,T_TP_left,123420
archives/123420_tracts/T_TP_right.vtp,T_TP_right,123420
archives/124220_tracts/T_CC1.vtp,T_CC1,124220
archives/124220_tracts/T_CC2.vtp,T_CC2,124220
archives/124220_tracts/T_CC3.vtp,T_CC3,124220
archives/124220_tracts/T_CC4.vtp,T_CC4,124220
archives/124220_tracts/T_CC5.vtp,T_CC5,124220
archives/124220_tracts/T_CC6.vtp,T_CC6,124220
archives/124220_tracts/T_CC7.vtp,T_CC7,124220
archives/124220_tracts/T_MCP.vtp,T_MCP,124220
archives/124220_tracts/T_CPC.vtp,T_CPC,124220
archives/124220_tracts/T_AF_left.vtp,T_AF_left,124220
archives/124220_tracts/T_AF_right.vtp,T_AF_right,124220
archives/124220_tracts/T_CB_left.vtp,T_CB_left,124220
archives/124220_tracts/T_CB_right.vtp,T_CB_right,124220
archives/124220_tracts/T_CR-F_left.vtp,T_CR-F_left,124220
archives/124220_tracts/T_CR-F_right.vtp,T_CR-F_right,124220
archives/124220_tracts/T_CR-P_left.vtp,T_CR-P_left,124220
archives/124220_tracts/T_CR-P_right.vtp,T_CR-P_right,124220
archives/124220_tracts/T_CST_left.vtp,T_CST_left,124220
archives/124220_tracts/T_CST_right.vtp,T_CST_right,124220
archives/124220_tracts/T_EC_left.vtp,T_EC_left,124220
archives/124220_tracts/T_EC_right.vtp,T_EC_right,124220
archives/124220_tracts/T_EmC_left.vtp,T_EmC_left,124220
archives/124220_tracts/T_EmC_right.vtp,T_EmC_right,124220
archives/124220_tracts/T_ICP_left.vtp,T_ICP_left,124220
archives/124220_tracts/T_ICP_right.vtp,T_ICP_right,124220
archives/124220_tracts/T_ILF_left.vtp,T_ILF_left,124220
archives/124220_tracts/T_ILF_right.vtp,T_ILF_right,124220
archives/124220_tracts/T_Intra-CBLM-I&P_left.vtp,T_Intra-CBLM-I&P_left,124220
archives/124220_tracts/T_Intra-CBLM-I&P_right.vtp,T_Intra-CBLM-I&P_right,124220
archives/124220_tracts/T_Intra-CBLM-PaT_left.vtp,T_Intra-CBLM-PaT_left,124220
archives/124220_tracts/T_Intra-CBLM-PaT_right.vtp,T_Intra-CBLM-PaT_right,124220
archives/124220_tracts/T_IOFF_left.vtp,T_IOFF_left,124220
archives/124220_tracts/T_IOFF_right.vtp,T_IOFF_right,124220
archives/124220_tracts/T_MdLF_left.vtp,T_MdLF_left,124220
archives/124220_tracts/T_MdLF_right.vtp,T_MdLF_right,124220
archives/124220_tracts/T_PLIC_left.vtp,T_PLIC_left,124220
archives/124220_tracts/T_PLIC_right.vtp,T_PLIC_right,124220
archives/124220_tracts/T_SLF-I_left.vtp,T_SLF-I_left,124220
archives/124220_tracts/T_SLF-I_right.vtp,T_SLF-I_right,124220
archives/124220_tracts/T_SLF-II_left.vtp,T_SLF-II_left,124220
archives/124220_tracts/T_SLF-II_right.vtp,T_SLF-II_right,124220
archives/124220_tracts/T_SLF-III_left.vtp,T_SLF-III_left,124220
archives/124220_tracts/T_SLF-III_right.vtp,T_SLF-III_right,124220
archives/124220_tracts/T_UF_left.vtp,T_UF_left,124220
archives/124220_tracts/T_UF_right.vtp,T_UF_right,124220
archives/124220_tracts/T_SF_left.vtp,T_SF_left,124220
archives/124220_tracts/T_SF_right.vtp,T_SF_right,124220
archives/124220_tracts/T_SO_left.vtp,T_SO_left,124220
archives/124220_tracts/T_SO_right.vtp,T_SO_right,124220
archives/124220_tracts/T_SP_left.vtp,T_SP_left,124220
archives/124220_tracts/T_SP_right.vtp,T_SP_right,124220
archives/124220_tracts/T_TF_left.vtp,T_TF_left,124220
archives/124220_tracts/T_TF_right.vtp,T_TF_right,124220
archives/124220_tracts/T_TO_left.vtp,T_TO_left,124220
archives/124220_tracts/T_TO_right.vtp,T_TO_right,124220
archives/124220_tracts/T_TP_left.vtp,T_TP_left,124220
archives/124220_tracts/T_TP_right.vtp,T_TP_right,124220
archives/124826_tracts/T_CC1.vtp,T_CC1,124826
archives/124826_tracts/T_CC2.vtp,T_CC2,124826
archives/124826_tracts/T_CC3.vtp,T_CC3,124826
archives/124826_tracts/T_CC4.vtp,T_CC4,124826
archives/124826_tracts/T_CC5.vtp,T_CC5,124826
archives/124826_tracts/T_CC6.vtp,T_CC6,124826
archives/124826_tracts/T_CC7.vtp,T_CC7,124826
archives/124826_tracts/T_MCP.vtp,T_MCP,124826
archives/124826_tracts/T_CPC.vtp,T_CPC,124826
archives/124826_tracts/T_AF_left.vtp,T_AF_left,124826
archives/124826_tracts/T_AF_right.vtp,T_AF_right,124826
archives/124826_tracts/T_CB_left.vtp,T_CB_left,124826
archives/124826_tracts/T_CB_right.vtp,T_CB_right,124826
archives/124826_tracts/T_CR-F_left.vtp,T_CR-F_left,124826
archives/124826_tracts/T_CR-F_right.vtp,T_CR-F_right,124826
archives/124826_tracts/T_CR-P_left.vtp,T_CR-P_left,124826
archives/124826_tracts/T_CR-P_right.vtp,T_CR-P_right,124826
archives/124826_tracts/T_CST_left.vtp,T_CST_left,124826
archives/124826_tracts/T_CST_right.vtp,T_CST_right,124826
archives/124826_tracts/T_EC_left.vtp,T_EC_left,124826
archives/124826_tracts/T_EC_right.vtp,T_EC_right,124826
archives/124826_tracts/T_EmC_left.vtp,T_EmC_left,124826
archives/124826_tracts/T_EmC_right.vtp,T_EmC_right,124826
archives/124826_tracts/T_ICP_left.vtp,T_ICP_left,124826
archives/124826_tracts/T_ICP_right.vtp,T_ICP_right,124826
archives/124826_tracts/T_ILF_left.vtp,T_ILF_left,124826
archives/124826_tracts/T_ILF_right.vtp,T_ILF_right,124826
archives/124826_tracts/T_Intra-CBLM-I&P_left.vtp,T_Intra-CBLM-I&P_left,124826
archives/124826_tracts/T_Intra-CBLM-I&P_right.vtp,T_Intra-CBLM-I&P_right,124826
archives/124826_tracts/T_Intra-CBLM-PaT_left.vtp,T_Intra-CBLM-PaT_left,124826
archives/124826_tracts/T_Intra-CBLM-PaT_right.vtp,T_Intra-CBLM-PaT_right,124826
archives/124826_tracts/T_IOFF_left.vtp,T_IOFF_left,124826
archives/124826_tracts/T_IOFF_right.vtp,T_IOFF_right,124826
archives/124826_tracts/T_MdLF_left.vtp,T_MdLF_left,124826
archives/124826_tracts/T_MdLF_right.vtp,T_MdLF_right,124826
archives/124826_tracts/T_PLIC_left.vtp,T_PLIC_left,124826
archives/124826_tracts/T_PLIC_right.vtp,T_PLIC_right,124826
archives/124826_tracts/T_SLF-I_left.vtp,T_SLF-I_left,124826
archives/124826_tracts/T_SLF-I_right.vtp,T_SLF-I_right,124826
archives/124826_tracts/T_SLF-II_left.vtp,T_SLF-II_left,124826
archives/124826_tracts/T_SLF-II_right.vtp,T_SLF-II_right,124826
archives/124826_tracts/T_SLF-III_left.vtp,T_SLF-III_left,124826
archives/124826_tracts/T_SLF-III_right.vtp,T_SLF-III_right,124826
archives/124826_tracts/T_UF_left.vtp,T_UF_left,124826
archives/124826_tracts/T_UF_right.vtp,T_UF_right,124826
archives/124826_tracts/T_SF_left.vtp,T_SF_left,124826
archives/124826_tracts/T_SF_right.vtp,T_SF_right,124826
archives/124826_tracts/T_SO_left.vtp,T_SO_left,124826
archives/124826_tracts/T_SO_right.vtp,T_SO_right,124826
archives/124826_tracts/T_SP_left.vtp,T_SP_left,124826
archives/124826_tracts/T_SP_right.vtp,T_SP_right,124826
archives/124826_tracts/T_TF_left.vtp,T_TF_left,124826
archives/124826_tracts/T_TF_right.vtp,T_TF_right,124826
archives/124826_tracts/T_TO_left.vtp,T_TO_left,124826
archives/124826_tracts/T_TO_right.vtp,T_TO_right,124826
archives/124826_tracts/T_TP_left.vtp,T_TP_left,124826
archives/124826_tracts/T_TP_right.vtp,T_TP_right,124826
archives/126628_tracts/T_CC1.vtp,T_CC1,126628
archives/126628_tracts/T_CC2.vtp,T_CC2,126628
archives/126628_tracts/T_CC3.vtp,T_CC3,126628
archives/126628_tracts/T_CC4.vtp,T_CC4,126628
archives/126628_tracts/T_CC5.vtp,T_CC5,126628
archives/126628_tracts/T_CC6.vtp,T_CC6,126628
archives/126628_tracts/T_CC7.vtp,T_CC7,126628
archives/126628_tracts/T_MCP.vtp,T_MCP,126628
archives/126628_tracts/T_CPC.vtp,T_CPC,126628
archives/126628_tracts/T_AF_left.vtp,T_AF_left,126628
archives/126628_tracts/T_AF_right.vtp,T_AF_right,126628
archives/126628_tracts/T_CB_left.vtp,T_CB_left,126628
archives/126628_tracts/T_CB_right.vtp,T_CB_right,126628
archives/126628_tracts/T_CR-F_left.vtp,T_CR-F_left,126628
archives/126628_tracts/T_CR-F_right.vtp,T_CR-F_right,126628
archives/126628_tracts/T_CR-P_left.vtp,T_CR-P_left,126628
archives/126628_tracts/T_CR-P_right.vtp,T_CR-P_right,126628
archives/126628_tracts/T_CST_left.vtp,T_CST_left,126628
archives/126628_tracts/T_CST_right.vtp,T_CST_right,126628
archives/126628_tracts/T_EC_left.vtp,T_EC_left,126628
archives/126628_tracts/T_EC_right.vtp,T_EC_right,126628
archives/126628_tracts/T_EmC_left.vtp,T_EmC_left,126628
archives/126628_tracts/T_EmC_right.vtp,T_EmC_right,126628
archives/126628_tracts/T_ICP_left.vtp,T_ICP_left,126628
archives/126628_tracts/T_ICP_right.vtp,T_ICP_right,126628
archives/126628_tracts/T_ILF_left.vtp,T_ILF_left,126628
archives/126628_tracts/T_ILF_right.vtp,T_ILF_right,126628
archives/126628_tracts/T_Intra-CBLM-I&P_left.vtp,T_Intra-CBLM-I&P_left,126628
archives/126628_tracts/T_Intra-CBLM-I&P_right.vtp,T_Intra-CBLM-I&P_right,126628
archives/126628_tracts/T_Intra-CBLM-PaT_left.vtp,T_Intra-CBLM-PaT_left,126628
archives/126628_tracts/T_Intra-CBLM-PaT_right.vtp,T_Intra-CBLM-PaT_right,126628
archives/126628_tracts/T_IOFF_left.vtp,T_IOFF_left,126628
archives/126628_tracts/T_IOFF_right.vtp,T_IOFF_right,126628
archives/126628_tracts/T_MdLF_left.vtp,T_MdLF_left,126628
archives/126628_tracts/T_MdLF_right.vtp,T_MdLF_right,126628
archives/126628_tracts/T_PLIC_left.vtp,T_PLIC_left,126628
archives/126628_tracts/T_PLIC_right.vtp,T_PLIC_right,126628
archives/126628_tracts/T_SLF-I_left.vtp,T_SLF-I_left,126628
archives/126628_tracts/T_SLF-I_right.vtp,T_SLF-I_right,126628
archives/126628_tracts/T_SLF-II_left.vtp,T_SLF-II_left,126628
archives/126628_tracts/T_SLF-II_right.vtp,T_SLF-II_right,126628
archives/126628_tracts/T_SLF-III_left.vtp,T_SLF-III_left,126628
archives/126628_tracts/T_SLF-III_right.vtp,T_SLF-III_right,126628
archives/126628_tracts/T_UF_left.vtp,T_UF_left,126628
archives/126628_tracts/T_UF_right.vtp,T_UF_right,126628
archives/126628_tracts/T_SF_left.vtp,T_SF_left,126628
archives/126628_tracts/T_SF_right.vtp,T_SF_right,126628
archives/126628_tracts/T_SO_left.vtp,T_SO_left,126628
archives/126628_tracts/T_SO_right.vtp,T_SO_right,126628
archives/126628_tracts/T_SP_left.vtp,T_SP_left,126628
archives/126628_tracts/T_SP_right.vtp,T_SP_right,126628
archives/126628_tracts/T_TF_left.vtp,T_TF_left,126628
archives/126628_tracts/T_TF_right.vtp,T_TF_right,126628
archives/126628_tracts/T_TO_left.vtp,T_TO_left,126628
archives/126628_tracts/T_TO_right.vtp,T_TO_right,126628
archives/126628_tracts/T_TP_left.vtp,T_TP_left,126628
archives/126628_tracts/T_TP_right.vtp,T_TP_right,126628